keydevid,year,announcedate,buyer_names,companyname,objectroletype,headline,deal_stage,is_spac,deal_value_musd,value_source,gvkey
1939570594.0,2025,2025-04-14,"Kodiak AI, Inc.","Kodiak AI, Inc.",Buyer,"Kodiak Robotics, Inc. entered into a business combination agreement to acquire Ares Acquisition Corporation II (NYSE:AACT) from Ares Acquisition Holdings II LP and others for $3.3 billion in a reverse merger transaction.",proposal,True,3300.0,for-pattern,
1870918485.0,2024,2024-02-05,PJSC LUKOIL,Nebius Group N.V.,Seller,"A consortium of buyers including members of the senior management team of Yandex LLC, AMC ""Lerta Capital"" Ltd - Argonavt, PJSC LUKOIL (MISX:LKOH), Alexander Ryazanov, Alexander Chachayev and Pavel Prass entered into a definitive agreement to acquire Yandex LLC from Yandex N.V. (NasdaqGS:YNDX) and others for approximately RUB 480 billion.",definitive_agreement,False,,none,187118
1676961558.0,2021,2021-08-10,HotelPlanner.com And Reservations.com,,Transaction,HotelPlanner.com And Reservations.com entered into non-binding letter of intent to acquire Astrea Acquisition Corp. (NasdaqCM:ASAX) in a reverse merger transaction.,proposal,True,687.9,max-fallback,
710474927.0,2021,2021-04-06,Palladyne AI Corp.,,Transaction,Sarcos Corp. signed a non-binding term sheet to acquire Rotor Acquisition Corp. (NYSE:ROT) from a group of shareholders in a reverse merger transaction for approximately $1.5 billion.,proposal,True,1500.0,for-pattern,
1762306147.0,2021,2021-12-22,Gorilla Technology Group Inc.,Hudson Bay Capital Management LP,Seller,"Gorilla Technology Group, Inc. executed the letter of intent to acquire Global SPAC Partners Co. (NasdaqCM:GLSP.U) from a group of sellers for approximately $660 million in a reverse merger transaction.",letter_of_intent,True,660.0,for-pattern,
1772533811.0,2022,2022-02-24,FOXO Technologies Inc.,Shaolin Capital Management LLC,Seller,FOXO Technologies Inc. entered into a non-binding letter of intent to acquire Delwinds Insurance Acquisition Corp. (NYSE:DWIN) from a group of shareholders for $300 million in a reverse merger transaction.,definitive_agreement,True,300.0,for-pattern,
644099723.0,2019,2019-11-13,"ChaSerg Technology Acquisition Corp.; Grid Dynamics Holdings, Inc.",ChaSerg Technology Acquisition Corp.,Target,"Grid Dynamics International, Inc. signed a letter of intent to acquire ChaSerg Technology Acquisition Corp. (NasdaqCM:CTAC) in a reverse merger transaction.",definitive_agreement,True,224.0,max-fallback,034136
1892414395.0,2024,2024-08-23,Sundae Bar Plc,,Transaction,Ora Technology PLC (OFEX:ORA) entered into non-binding heads of terms to acquire Kondor AI Plc (OFEX:KNDR) for approximately £20.6 million in a reverse merger transaction.,definitive_agreement,False,,none,
1890633437.0,2024,2024-08-06,Sivers Photonics Ltd.,,Transaction,Sivers Photonics Ltd. has entered into a non-binding letter of intent to acquire byNordic Acquisition Corporation (NasdaqGM:BYNO) in a reverse merger transaction.,definitive_agreement,True,0.040312,max-fallback,
606329577.0,2019,2019-03-13,"Perimeter Medical Imaging AI, Inc.",,Transaction,Perimeter Medical Imaging Inc. entered into a non-binding letter of intent to acquire New World Resource Corp. (TSXV:NW) in a reverse merger transaction.,definitive_agreement,False,,none,
704774061.0,2021,2021-02-18,BlackSky Technology Inc.,"Osprey Sponsor II, LLC",Seller,"BlackSky Global LLC entered into a term sheet to acquire Osprey Technology Acquisition Corp. (NYSE:SFTW) from Glazer Capital, LLC, Aristeia Capital, LLC, Magnetar Financial LLC, Soroban Opportunities Master Fund, L.P., a fund managed by, Soroban Capital Partners LP, HGC Investment Management Inc., Osprey Sponsor II, LLC and others for $1 billion in a reverse merger transaction.",definitive_agreement,True,1000.0,for-pattern,
1890856916.0,2024,2024-08-08,Predictiv AI Inc.,Predictiv AI Inc.,Buyer,Shift Technologies Canada Inc. & HouseStack Holdings Inc. entered into a letter of intent to acquire Predictiv AI Inc. (TSXV:PAI.H) in a reverse merger transaction.,definitive_agreement,False,,none,
1953799024.0,2025,2025-07-17,Datavault AI Inc.,Datavault AI Inc.,Buyer,"Datavault AI Inc. (NasdaqCM:DVLT) entered into Stock Purchase Agreement to acquire API Media Innovations, Inc. from David Reese and Frank Tomaino for $11 million.",other,False,11.0,for-pattern,033725
1761819198.0,2021,2021-12-17,Rezolve AI PLC; Rezolve Limited,Magnetar Financial LLC,Seller,Rezolve AI Limited entered into a letter of intent to acquire Armada Acquisition Corp. I (NasdaqGM:AACI) from a group of shareholders for $1.6 billion in a reverse merger transaction.,letter_of_intent,True,1600.0,for-pattern,
1758578780.0,2021,2021-11-16,"SoundHound AI, Inc.",Archimedes Tech SPAC Partners Co.,Target,SoundHound Inc. entered into a definitive merger agreement to acquire Archimedes Tech SPAC Partners Co. (NasdaqCM:ATSP.U) from Archimedes Tech SPAC Sponsors LLC and others for $2 billion in a reverse merger transaction.,definitive_agreement,True,2000.0,for-pattern,038087
1865086585.0,2023,2023-12-15,"Fury Resources, Inc.",Gen IV Investment Opportunities LLC,Seller,"Fury Resources, Inc. entered into an agreement and plan of merger to acquire Battalion Oil Corporation (NYSEAM:BATL) from Luminus Management, LLC, Oaktree Capital Management, L.P. and others for approximately $160 million.",agreement,False,160.0,for-pattern,
217624204.0,2012,2012-09-24,"Advent International, L.P.","Templeton Investment Counsel, LLC",Seller,"Advent International Corporation made an offer to acquire Mediq NV (ENXTAM:MEDIQ) from Silchester International Investors Ltd, Franklin Templeton Investments Corp., Templeton Investment Counsel, LLC and others for approximately €770 million.",proposal,False,,none,
1865367249.0,2023,2023-12-19,Space42 PLC,Al Yah Satellite Communication Company PJSC,Target,Bayanat AI PLC (ADX:BAYANAT) agreed to acquire Al Yah Satellite Communication Company PJSC (ADX:YAHSAT) from Mamoura Diversified Global Holding PJSC and others for AED 7.6 billion.,agreement,False,,none,349591
1985391484.0,2026,2026-02-17,XTEND Reality Expansion Ltd,JFB Construction Holdings,Target,"XTEND Reality Expansion Ltd executed letter of intent to acquire JFB Construction Holdings (NasdaqCM:JFB) from The Basile Family Irrevocable Trust, Joseph F. Basile III, Series Xiv Jfb, a fund managed by American Ventures Management LLC and others for $1.5 billion in a reverse merger transaction.",definitive_agreement,False,1500.0,for-pattern,045802
1946909145.0,2025,2025-06-05,Diginex Limited,Blue Penny Pte. Ltd.,Seller,Diginex Limited (NasdaqCM:DGNX) entered into a Sale and Purchase Agreement to acquire Resulticks Global Companies Pte Ltd from a group of shareholders for $1.5 billion.,definitive_agreement,False,1500.0,for-pattern,
1977011240.0,2026,2026-01-06,"A&R Investment Limited; Advent International, L.P.; FedEx Corporation; PPF Group a.s.","Advent International, L.P.",Buyer,"An Funds managed by Advent International, L.P., A&R Investment Limited, FedEx Corporation (NYSE:FDX) and PPF Group N.V. submitted indicative proposal to acquire InPost S.A. (ENXTAM:INPST) from PPF Group N.V., Advent Global Opportunities Management LLC, AI Prime & Cy S.C.A. and others for approximately €6.9 billion.",proposal,False,,none,
1931548137.0,2025,2025-02-14,"flyExclusive, Inc.",Aviation Business of Jet.AI Inc.,Target,"flyExclusive, Inc. (NYSEAM:FLYX) entered a definitive agreement to acquire the Aviation Business of Jet.AI Inc. (NasdaqCM:JTAI).",definitive_agreement,False,50.0,max-fallback,
1868573800.0,2024,2024-01-16,Aradel Energy Limited; First Exploration & Petroleum Development Company Limited; ND Western Limited; Petrolin Group; Waltersmith Refining & Petrochemical Company Limited,Waltersmith Refining & Petrochemical Company Limited,Buyer,"Renaissance, a consortium of Nd Western Limited, Aradel Energy Limited, First Exploration & Petroleum Development Company Limited, Waltersmith Refining & Petrochemical Company Limited and Petrolin Group reached an agreement to acquire The Shell Petroleum Development Company of Nigeria Limited from Shell plc (LSE:SHEL) for $2.4 billion.",other,False,2400.0,for-pattern,
711090528.0,2021,2021-04-12,Microsoft Corporation,,Transaction,"Microsoft Corporation (NasdaqGS:MSFT) entered into a definitive agreement to acquire Nuance Communications, Inc. (NasdaqGS:NUAN) from The Vanguard Group, Inc., FMR LLC, Coatue Management, L.L.C., Viking Global Investors LP, ClearBridge Investments, LLC and others for $16.5 billion.",definitive_agreement,False,16500.0,for-pattern,
1673786514.0,2021,2021-07-13,SES AI Corporation,Ivanhoe Capital Sponsor LLC,Seller,SES Holdings Pte. Ltd. entered into a definitive agreement to acquire Ivanhoe Capital Acquisition Corp. (NYSE:IVAN) from Ivanhoe Capital Sponsor LLC and others in a reverse merger transaction for $3.4 billion.,definitive_agreement,True,3400.0,for-pattern,
1773984435.0,2022,2022-03-03,Perfect Corp.,WFM Asia (HK) Limited,Seller,Perfect Corp. executed a letter of intent to acquire Provident Acquisition Corp. (NasdaqCM:PAQC) from Provident Acquisition Holdings Ltd. and others for approximately $990 million in a reverse merger transaction.,definitive_agreement,True,990.0,for-pattern,
1869024947.0,2024,2024-01-19,DeFi Development Corporation UK PLC; Mustang Energy PLC,Crowdform Ltd.,Seller,"Mustang Energy PLC (LSE:MUST) entered into a non-binding heads of terms to acquire Cykel AI PLC (OFEX:CYK) from Alpha Capital Group Ltd, California Two Pizza Ventures Inc., Crowdform Ltd., Fidelio Partners Pte. Ltd., First Sentinel Corporate Finance Limited and others.",proposal,False,,none,
599284151.0,2019,2019-01-22,AI Zenith (Netherlands) BV,Visa International Service Association,Seller,"AI Zenith (Netherlands) BV signed a definitive agreement to acquire 51% stake in Prisma Medios de Pago S.A., from a group of shareholders.",definitive_agreement,False,39.6,for-pattern,
1960488299.0,2025,2025-09-12,MBody AI Corp.,,Transaction,MBody AI entered into a definitive Agreement to acquire Check-Cap Ltd. (NasdaqCM:CHEK) in a reverse merger transaction.,definitive_agreement,False,,none,
1854782962.0,2023,2023-09-05,ScanTech AI Systems Inc.,Mars Acquisition Corp.,Target,"ScanTech Identification Beam Systems, LLC signed a Letter of Intent to acquire Mars Acquisition Corp. (NasdaqGM:MARX) from Mars Capital Holding Corporation and others in a reverse merger transaction for $110 million.",letter_of_intent,True,110.0,for-pattern,041295
636497766.0,2019,2019-09-10,DimensionalMechanics Inc.,,Transaction,DimensionalMechanics Inc. entered into a binding letter of intent to acquire Lincoln Ventures Ltd. (TSXV:LX.H) in a reverse merger transaction.,definitive_agreement,False,10.0,max-fallback,
1913216067.0,2024,2024-12-15,Jeen AI Technologies Ltd,Jeen AI Ltd.,Target,Micronet Ltd (TASE:MCRNT) entered into an agreement to acquire Jeen AI Ltd. for ILS 23.2 million.,agreement,False,,none,
1864899427.0,2023,2023-11-09,"Pathos AI, Inc.",BVF Partners L.P.,Seller,"Pathos AI, Inc. entered into a definitive merger agreement to acquire Rain Oncology Inc. (NasdaqGS:RAIN) from Boxer Capital LLC, BVF Partners L.P., Avanish Vellanki and others for $42.2 million.",definitive_agreement,False,42.2,for-pattern,
1857115902.0,2023,2023-09-27,BrandPilot AI Inc.,,Transaction,Universal PropTech Inc. (TSXV:UPI.H) entered into a binding letter of intent to acquire 100% stake in BrandPilot AI Inc..,definitive_agreement,False,,none,
1832770637.0,2023,2023-04-11,"Spectral AI, Inc.",Rosecliff Acquisition Corp I,Target,"Spectral MD Holdings, Ltd. (AIM:SMD) entered into an agreement to acquire Rosecliff Acquisition Corp I (NasdaqCM:RCLF) from Rosecliff Acquisition Sponsor I LLC and others for $170 million in a reverse merger transaction.",definitive_agreement,True,170.0,for-pattern,037921
1829179853.0,2023,2023-03-10,"Airship AI Holdings, Inc.",BYTE Acquisition Corp.,Target,"Airship AI Holdings, Inc. entered into a definitive agreement to acquire BYTE Acquisition Corp. (NasdaqCM:BYTS) from Byte Holdings LP and others for approximately $280 million in a reverse merger transaction.",definitive_agreement,True,280.0,for-pattern,038360
569403147.0,2018,2018-06-01,New World Solutions Inc.,New World Solutions Inc.,Buyer,Graph Blockchain Limited entered into a non-binding letter of intent to acquire REG Technologies Inc. (OTCPK:REGR.F) in a reverse merger transaction.,definitive_agreement,False,,none,034408
636398889.0,2019,2019-09-09,AI Global Investments (Cyprus) PCC Limited,AI Global Investments (Cyprus) PCC Limited,Buyer,"AI Global Investments (Cyprus) PCC Limited signed an agreement to acquire 38.27% stake in DFM Foods Limited (BSE:519588) from The Delhi Flour Mills Co. Ltd., Mohit Jain, Rohan Jain, Rashad Jain and Surekha Jain for INR 4.8 billion.",proposal,False,,none,
1673266092.0,2021,2021-07-07,"Heliogen, Inc.","Heliogen, Inc.",Buyer,"Heliogen, Inc. entered into a non-binding letter of intent to acquire Athena Technology Acquisition Corp. (NYSE:ATHN) from Athena Technology Sponsor LLC and others for $1.8 billion in a reverse merger transaction.",definitive_agreement,True,1800.0,for-pattern,
1870966183.0,2024,2024-02-05,Light AI Inc.,Mojave Brands Inc.,Target,Light AI Inc. entered into a binding letter of intent to acquire Mojave Brands Inc. (CNSX : MOJO) for CAD 14.9 million in a reverse merger transaction.,definitive_agreement,False,,none,032436
1957729929.0,2025,2025-08-21,"Abu Dhabi Investment Authority; Thoma Bravo, L.P.",EdgePoint Investment Group Inc.,Seller,"A group of funds managed by Thoma Bravo, L.P. and Abu Dhabi Investment Authority entered into an agreement to acquire Dayforce Inc. (NYSE:DAY) for approximately $11.5 billion in a going private transaction.",agreement,False,11500.0,for-pattern,
606745963.0,2019,2019-03-18,"América Móvil, S.A.B. de C.V.; Claro S.A.",,Transaction,"Claro S.A. entered into a purchase agreement to acquire Nextel Holdings S.à r.l. from NII Holdings, Inc. (NasdaqGS:NIHD) for approximately $970 million.",other,False,970.0,for-pattern,
1827716119.0,2023,2023-02-27,Jet.AI Inc.,"Rivernorth SPAC Arbitrage Fund, LP",Seller,Jet Token Inc. entered into a definitive business combination agreement to acquire Oxbridge Acquisition Corp. (NasdaqCM:OXAC) from a group of shareholders for approximately $110 million in a reverse merger transaction.,letter_of_intent,True,110.0,for-pattern,
1980670582.0,2025,2025-11-03,Datavault AI Inc.,Datavault AI Inc.,Buyer,"Datavault AI Inc. (NasdaqCM:DVLT) entered into Stock Purchase Agreement to acquire API Media Innovations, Inc. from David Reese and Frank Tomaino for $14 million.",other,False,14.0,for-pattern,033725
633649995.0,2019,2019-08-19,"Oncotelic Therapeutics, Inc.","Oncotelic Therapeutics, Inc.",Buyer,"Mateon Therapeutics, Inc. (OTCPK:MATN) entered into a definitive agreement to acquire PointR Data Inc. for $30 million.",definitive_agreement,False,30.0,for-pattern,035138
1823691549.0,2023,2023-01-27,Generative AI Solutions Corp.,,Transaction,Metachain Holdings Inc. entered into a definitive business combination agreement to acquire Generative AI Solutions Corp. for CAD 15.4 million in a reverse merger acquisition.,proposal,False,,none,
1973474559.0,2025,2025-12-08,International Business Machines Corporation,Battery Ventures L.P.,Seller,"International Business Machines Corporation (NYSE:IBM) entered into a definitive agreement to acquire Confluent, Inc. (NasdaqGS:CFLT) for $11.5 billion.",definitive_agreement,False,11500.0,for-pattern,
1982592883.0,2026,2026-02-04,SiTime Corporation,Timing Business of Renesas Electronics America Inc.,Target,SiTime Corporation (NasdaqGM:SITM) signed a definitive agreement to acquire Timing Business of Renesas Electronics America Inc. for $3 billion.,definitive_agreement,False,3000.0,for-pattern,
1893522569.0,2024,2024-06-24,IntelliAM AI Plc,53 Degrees North Engineering Limited,Target,"IntelliAM AI Plc (OFEX:INT) signed heads of terms to acquire 53 Degrees North Engineering Limited from Thomas Clayton, Keith Smith, Simon Palmer and Christopher Wragg for £5.187 million.",other,False,,none,
683542435.0,2020,2020-08-13,Edge Total Intelligence Inc.,,Transaction,ETI Technologies Inc. and Edge AI Ltd. entered into a letter of intent to acquire Aphelion Capital Corp. (TSXV:APHE.P) in a reverse merger transaction for $70.1 million.,definitive_agreement,False,70.1,for-pattern,
1998217027.0,2026,2026-04-30,MARA USA Corporation,MARA USA Corporation,Buyer,MARA USA Corporation entered into an equity purchase agreement to acquire Long Ridge Energy & Power LLC from Ohio River Partners Holdco LLC and Ohio River Partners Finance LLC in a transaction valued at $1.5 billion.,other,False,1512.0,max-fallback,
1679348481.0,2021,2021-08-25,AI Beauty Holdings Ltd.,"BareMinerals, BUXOM, and Laura Mercier brands of Shiseido Americas/ Bare Escentuals K.K.",Target,"AI Beauty Holdings Ltd. signed a definitive agreement to acquire bareMinerals, BUXOM and Laura Mercier cosmetics brands and Bare Escentuals K.K. from Shiseido Americas Corporation for $700 million.",definitive_agreement,False,700.0,for-pattern,
1891574833.0,2024,2024-08-15,Leading Group Limited,,Transaction,"Leading Group Limited entered into a Business Combination Agreement to acquire Healthcare AI Acquisition Corp. (NasdaqCM:HAIA) from Healthcare AI Acquisition, LLC and Atticus Ale, LLC and others for approximately $490 million in a reverse merger transaction.",letter_of_intent,True,490.0,for-pattern,
572877790.0,2018,2018-07-03,Ronin Blockchain Corp.,,Transaction,Ronin Blockchain Corp. entered into a binding letter of agreement to acquire Cluny Capital Corp. (TSXV:CLN.H) in a reverse merger transaction.,definitive_agreement,False,,none,
709866009.0,2021,2021-03-31,PayGroup Limited,PayGroup Limited,Buyer,PayGroup Limited (ASX:PYG) entered into an agreement to acquire Integrated Workforce Solutions for AUD 17.3 million.,agreement,False,12.75,max-fallback,326211
1961487039.0,2025,2025-09-22,"Thoma Bravo, L.P.","RGM Capital, LLC",Seller,"Thoma Bravo, L.P. entered into a definitive agreement to acquire PROS Holdings, Inc. (NYSE:PRO) from a group of shareholders for $1.3 billion.",definitive_agreement,False,1300.0,for-pattern,
1879475322.0,2024,2024-04-29,The French Republic,,Transaction,France agreed to acquire Mission-Critical Systems and Cyber security Products activities of Atos SE’s BDS business from Atos SE (ENXTPA:ATO) for an enterprise value of €700 million.,proposal,False,,none,
1996293992.0,2026,2026-04-21,"SoundHound AI, Inc.",,Transaction,"SoundHound AI, Inc. (NasdaqGM:SOUN) executed letter of intent to acquire LivePerson, Inc. (NasdaqGS:LPSN) from a group of shareholders for $45.2 million.",definitive_agreement,False,45.2,for-pattern,
1969811403.0,2025,2025-09-20,ADC Services International Limited,,Transaction,"ADC Services International Limited entered into a conditional share purchase agreement to acquire Aegirbio (UK) Limited, Aegirbio US Inc, Abreos Biosciences, Inc., Aegirbio Sweden AB, Viraspec AB and Magnasense Technologies Oy from Magnasense AB (OM:MAGNA) for €1.",other,False,,none,
1944076316.0,2025,2025-05-19,Sanmina Corporation,"ZT Group Intl, Inc.",Seller,"Sanmina Corporation (NasdaqGS:SANM) entered into a definitive agreement to acquire Data Center Infrastructure Manufacturing Business of ZT Group Intl, Inc. for $3 billion.",definitive_agreement,False,3000.0,for-pattern,
1956827540.0,2025,2025-08-14,"Merlin, Inc.",First Trust Capital Management L.P.,Seller,"Merlin Labs, Inc. entered into a definitive business combination agreement to acquire Bleichroeder Acquisition Corp. I (NasdaqGM:BACQ) from group of shareholders in a reverse merger transaction for $800 million.",letter_of_intent,True,800.0,for-pattern,
1955090667.0,2025,2025-07-29,Bridgepoint Group plc,Bridgepoint Group plc,Buyer,Bridgepoint Group plc (LSE:BPT) agreed to acquire an unknown majority stake in Hanseatic Broking Center GmbH from the two founders of Hanseatic Broking Center GmbH and Preservation Capital Partners Limited.,agreement,False,,none,349716
614779470.0,2019,2019-05-23,Blockchain Worldwide plc; SEEEN plc,Blockchain Worldwide plc,Buyer,Entertainment AI Plc agreed to acquire Blockchain Worldwide plc (LSE:BLOC) in a reverse merger transaction.,agreement,False,,none,325524
1789101312.0,2022,2022-07-01,Nielsen Consumer LLC,Nürnberg Institut für Marktentscheidungen e.V.,Seller,"Nielsen Consumer LLC entered into a definitive agreement to acquire GfK SE from GfK-Nürnberg e.V., KKR & Co. Inc. (NYSE:KKR) and others.",definitive_agreement,False,,none,
1888318554.0,2024,2024-07-18,GE HealthCare Technologies Inc.,Surgical Science UK Holdings Limited,Seller,GE HealthCare Technologies Inc. (NasdaqGS:GEHC) agreed to acquire Clinical Artificial Intelligence Business From Intelligent Ultrasound from Intelligent Ultrasound Group plc (AIM:IUG) for an enterprise value of £40.5 million.,agreement,False,,none,318317
1803481110.0,2022,2022-10-05,P2Earn Inc.,Jellyworks Inc.,Target,Aquarius AI Inc. (CNSX:AQUA) entered into a definitive agreement to acquire 70% stake in Jellyworks Inc. for CAD 3.6 million.,definitive_agreement,False,,none,
1974574036.0,2025,2025-12-17,"Yarrow Bioscience, Inc.",Perceptive Advisors LLC,Seller,"Yarrow Bioscience, Inc. entered into an Agreement and Plan of Merger and Reorganization to acquire VYNE Therapeutics Inc. (NasdaqCM:VYNE) from AI Biotechnology LLC, Nantahala Capital Management LLC, and other shareholders for approximately $100 million in a reverse merger transaction.",agreement,False,100.0,for-pattern,
1788630020.0,2022,2022-06-20,VVT Med Inc.,VVT Med Inc.,Buyer,V.V.T. Med Ltd. (VVT) entered into a Letter of Intent to acquire GoPublic.AI Acquisition 2 Corp. (GPAI2) in a reverse merger transaction.,definitive_agreement,False,,none,
1954838977.0,2025,2025-07-28,,,Transaction,"SES AI International I Pte. Ltd entered into a Share Transfer and Share Purchase Agreement to acquire Shenzhen UZ Energy Co., Ltd from Shenzhen Yuze Venture Capital Co., Ltd, Shenzhen Yupeng Venture Consulting Partnership L.P. and Shenzhen Yuyuan Consulting Partnership, Xiaofei Xu, Zhen Bao and others for approximately CNY 110 million.",other,False,,none,
1951031984.0,2025,2025-06-27,RTL Deutschland GmbH,RTL Deutschland GmbH,Buyer,Rtl Deutschland GmbH signed a definitive agreement to acquire Sky Deutschland GmbH from Sky Limited for approximately €530 million.,definitive_agreement,False,,none,
700660067.0,2021,2021-01-08,Journey Personal Care Corp.,Domtar AI Inc.,Seller,"Journey Personal Care Corp. entered into an agreement to acquire Attends Healthcare Products, Inc., Domtar Personal Care Absorbent Hygiene Inc., HDIS Inc. and Zither L Investments Sàrl from Domtar AI Inc. and Domtar Luxembourg Investments Sarl for $920 million.",agreement,False,920.0,for-pattern,
1992640549.0,2026,2026-03-30,Shunfa Hengneng Corporation,"Zhejiang Puxing Jingxing Natural Gas Power Co., Ltd.",Target,"Shunfa Hengneng Corporation (SZSE:000631) agreed to acquire Zhejiang Puxing Jingxing Natural Gas Power Co., Ltd. from Puxing Energy Limited (SEHK:90) for approximately CNY 150 million.",agreement,False,,none,
1886216290.0,2024,2024-07-01,"American Metals LLC; American Metals, LLC","Glazer Capital, LLC",Seller,"American Metals LLC entered into a definitive agreement to acquire AI Transportation Acquisition Corp (NasdaqCM:AITR) from AI Transportation Corp Yun Wu, Wong Ping Kuen, Ka Cheong Leung, Dick Wai Mak and others for approximately $170 million in a reverse merger transaction.",definitive_agreement,True,170.0,for-pattern,
1773460767.0,2022,2022-03-04,Cleantech Power Corp.,,Transaction,Alkaline Fuel Cell Power Corp. (NEOE:PWWR) entered into definitive agreement to acquire Combined Heat and Power Generation Business of AI Renewable 2020-I Limited Partnership,definitive_agreement,False,,none,
214920804.0,2012,2012-07-13,"American Realty Capital V, LLC","AI-Neenah, L.L.C.",Seller,"American Realty Capital V, LLC entered into a purchase and sale agreement to acquire a medical office building in Neenah, Wisconsin from PMZ-Neenah, L.L.C., JPG-Neenah, L.L.C. and AI-Neenah, L.L.C.",other,False,63.0,max-fallback,
214920338.0,2012,2012-07-13,"American Realty Capital V, LLC","Medical Office Building in Hartford, Wisconsin",Target,"American Realty Capital V, LLC entered into a purchase and sale agreement to acquire a medical office building in Hartford, Wisconsin from PMZ-Hartford, L.L.C., JPG-Hartford, L.L.C. and AI-Hartford, L.L.C.",other,False,63.0,max-fallback,
1928978397.0,2025,2025-01-28,Rocket Doctor AI Inc.,Rocket Doctor AI Inc.,Buyer,Treatment.com AI Inc. (CNSX:TRUE) has entered into a binding letter of intent to acquire Alea Health Holdings Limited.,definitive_agreement,False,0.415,for-pattern,038839
612835013.0,2019,2019-05-08,Attraqt Group Limited,Attraqt Group Limited,Buyer,"ATTRAQT Group plc (AIM:ATQT) entered into an agreement to acquire Early Birds SAS from Laetitia Comes-Bancaud, Nicolas Mathon, EB Growth and others for £13.8 million.",agreement,False,,none,318216
214835350.0,2012,2012-07-13,"American Realty Capital V, LLC","AI-Two Rivers, L.L.C.",Seller,"American Realty Capital V, LLC entered into a purchase and sale agreement to acquire two rivers medical office, Wisconsin from PMZ-Two Rivers, L.L.C., JPG-Two Rivers, L.L.C. and AI-Two Rivers, L.L.C.",other,False,63.0,max-fallback,
647841954.0,2019,2019-12-12,Digital Cavalier Technology Services Inc.,,Transaction,Digital Cavalier Technology Services Inc. entered into a share exchange agreement to acquire Dimension Five Technologies Inc. (CNSX:DFT) in a reverse merger transaction.,other,False,,none,
1854782815.0,2023,2023-09-05,ScanTech AI Systems Inc.,Mars Acquisition Corp.,Target,"ScanTech Identification Beam Systems, LLC entered into a definitive business combination agreement to acquire Mars Acquisition Corp. (NasdaqGM:MARX) from shareholders in a reverse merger transaction.",other,True,197.5,max-fallback,041295
1854782823.0,2023,2023-09-05,ScanTech AI Systems Inc.,Mars Acquisition Corp.,Target,"ScanTech Identification Beam Systems, LLC entered into a definitive business combination agreement to acquire Mars Acquisition Corp. (NasdaqGM:MARX) from shareholders in a reverse merger transaction.",other,True,197.5,max-fallback,041295
1760669810.0,2021,2021-12-06,BenevolentAI S.A.,Odyssey Acquisition S.A.,Target,BenevolentAI Limited entered into reverse merger transaction to acquire Odyssey Acquisition S.A. (ENXTAM:ODYSY),other,False,,none,349457
1947609483.0,2025,2025-06-10,Subgen AI AB (publ),Magnasense AB,Target,Subgen AI Limited signed a letter of intent to acquire Magnasense AB (OM:MAGNA) in a reverse merger transaction for €200 million.,letter_of_intent,False,,none,338625
2008312620.0,2026,2026-06-30,AVEVA Group Limited; Schneider Electric S.E.,TCMI Inc.,Seller,"AVEVA Group Limited entered into a definitive agreement to acquire Cognite AS from Aker ASA (OB:AKER), Accel Management Co, Inc., Technology Crossover Ventures XI, a fund managed by TCMI Inc. and others for an enterprise value of $3.1 billion.",definitive_agreement,False,3100.0,max-fallback,
6043890.0,2008,2008-11-23,,"KSF Beverage Holding Co., Ltd.",Target,"Ting Hsin signed an agreement to acquire a 9.99% stake in Tingyi-Asahi-Itochu Beverages Holding Co. Ltd. from AI Beverage Holding Co., Ltd. for $280 million.",other,False,280.0,for-pattern,
1686787025.0,2021,2021-11-01,Xigem Technologies Corporation,Xigem Technologies Corporation,Buyer,Xigem Technologies Corporation (CNSX:XIGM) entered into a binding letter of intent to acquire substantially all assets from Cylix Data Group for CAD 32.4 million.,definitive_agreement,False,,none,
1869519577.0,2024,2024-01-25,Healwell AI Inc.,,Transaction,Healwell AI Inc. (TSX:AIDX) entered into an agreement to acquire Intrahealth Systems Limited from WELL Health Technologies Corp. (TSX:WELL) for approximately CAD24.2 million.,agreement,False,,none,
1914202753.0,2024,2024-12-26,Datavault AI Inc.,"CompuSystems, Inc.",Target,"Datavault AI Inc. (NasdaqCM : DVLT) signed a definitive agreement to acquire CompuSystems, Inc from family for $31.2 million.",definitive_agreement,False,31.2,for-pattern,
1974420207.0,2025,2025-12-16,"Azio AI, Inc.",,Transaction,"Envirotech Vehicles, Inc. (NasdaqCM:EVTV) entered into letter of intent to acquire AZIO AI Corporation from AZIO Corporation with an enterprise value of approximately $480 million.",definitive_agreement,False,750.0,max-fallback,
1875681733.0,2024,2024-03-25,Nobul Real Estate Inc.,Check-Cap Ltd.,Target,Nobul AI Corp entered into a definitive Business Combination Agreement to acquire Check-Cap Ltd. (NasdaqCM:CHEK).,other,False,,none,022676
1905948872.0,2024,2024-11-25,The French Republic,The French Republic,Buyer,"France signed letter of intent to acquire Atos ,Advanced Computing activities of its BDS division from Atos SE (ENXTPA:ATO) for an enterprise value of approximately €630 million.",letter_of_intent,False,,none,
275403803.0,2014,2014-10-27,3i Group plc,Douglas Holding AG,Seller,"3i Eurofund V, managed by 3i Group plc (LSE:III) and management of CHRIST Juweliere und Uhrmacher seit 1863 GmbH agreed to acquire CHRIST Juweliere und Uhrmacher seit 1863 GmbH from Douglas Holding AG and Kreke family.",agreement,False,,none,100749
2006682771.0,2026,2026-06-18,Robo.ai Investments L.L.C.-FZ,QC Capital Limited,Target,"Robo.ai Investments L.L.C.-FZ entered into a share purchase agreement to acquire QC Capital Limited from Philip Zhang-Zhan, Feifei Petrelli and Chi-ting Chuang for $51.64 million.",other,False,51.64,for-pattern,
606877403.0,2019,2019-03-19,MGG Investment Group LP,"VEGAS.com, LLC",Target,"An affiliate of senior lenders of Remark Holdings Inc. (NASDAQ:MARK), including MGG Investment Group LP, entered into an agreement to acquire Vegas.com LLC from Remark for $30 million.",agreement,False,30.0,for-pattern,
231717138.0,2013,2013-02-22,AI Energy Public Company Limited,,Transaction,"AI Energy Company Limited agreed to acquire 99.99% stake of AI Logistics Co., Ltd. and 99.99% stake of AI Ports and Terminals Co., Ltd. from Asian Insulators Public Company Limited (SET:AI) and other existing shareholders.",agreement,False,,none,
1995159774.0,2026,2026-04-13,Blue Finance Technology Holding Limited,,Transaction,Blue Finance Technology Holding Limited entered into a definitive Business Combination Agreement to acquire Investcorp AI Acquisition Corp. (OTCPK:IVCA.F) for approximately $220 million.,other,True,220.0,for-pattern,
1934748958.0,2025,2025-03-12,"Scopely, Inc.","Scopely, Inc.",Buyer,"Scopely, Inc. agreed to acquire Games Business of Niantic, Inc. for $3.5 billion.",agreement,False,3500.0,for-pattern,
1929012802.0,2025,2025-01-29,SharonAI Holdings Inc.,"TKB Sponsor I, LLC",Seller,"Sharon AI, Inc entered into a letter of intent to acquire Roth CH Acquisition Co. (OTCPK:USCT.F) from a group of shareholders for $16.8 million in a reverse merger transaction.",letter_of_intent,False,16.8,for-pattern,
1903104579.0,2024,2024-11-04,"Tempus AI, Inc.",,Transaction,"Tempus AI, Inc (NasdaqGS:TEM) agreed to acquire Ambry Genetics Corporation from REALM IDx, Inc. for approximately $600 million.",agreement,False,600.0,for-pattern,
1996119544.0,2026,2026-04-20,"Tigerless Health, Inc.",,Transaction,"Tigerless Health, Inc. entered into a definitive business combination agreement to acquire Piermont Valley Acquisition Corp (OTCPK:CMCA.F) in a reverse merger transaction for an enterprise value of approximately $280 million.",other,True,280.0,max-fallback,
2001431246.0,2026,2026-05-20,EHJob GP LLC,Global Knowledge Training LLC,Target,"EHJob GP LLC signed a definitive agreement to acquire Global Knowledge Training LLC from GK Holdings, Inc. for $20 million.",definitive_agreement,False,20.0,for-pattern,
1980930891.0,2026,2026-01-26,GoodVision AI Inc,Calisa Acquisition Corp,Target,"GoodVision, Inc. entered into a non-binding letter of intent to acquire Calisa Acquisition Corp (NasdaqGM : ALIS) from Alisa Group Limited, Calisa Holding LP, and other shareholders for $180 million in reverse merger transaction.",definitive_agreement,True,180.0,for-pattern,050289
1953478024.0,2025,2025-07-14,Metriks AI S.p.A. Società Benefit,,Transaction,Metriks AI S.p.A. Società Benefit (BIT:MTK) agreed to acquire 60% stake in Fanizza Group S.R.L. for €0.6 million.,agreement,False,,none,
636400469.0,2019,2019-09-09,AI Global Investments (Cyprus) PCC Limited,AI Global Investments (Cyprus) PCC Limited,Buyer,"AI Global Investments (Cyprus) PCC Limited signed an agreement to acquire 14.9% stake in DFM Foods Limited (BSE:519588) from WestBridge Crossover Fund, LLC managed by WestBridge Capital Partners LLC and Aravali Investment Holdings for INR 1.9 billion.",proposal,False,,none,
1964555471.0,2025,2025-10-09,"Healthcare Triangle, Inc.",,Transaction,"Healthcare Triangle, Inc. (NasdaqCM:HCTI) signed a non-binding letter of intent to acquire TEYAMÉ 360 S.L. and Datono Mediacion S.L. from Ivan Montero and Maria Luisa Sanchez Fernandez for $50 million.",definitive_agreement,False,50.0,for-pattern,
1838580812.0,2023,2023-05-24,Anonymous Intelligence Company Inc.,,Transaction,Anonymous Intelligence Company Inc. (CNSX:ANON) agreed to acquire Haller.AI Technologies Inc for CAD 3.1 million.,definitive_agreement,False,,none,
1967239349.0,2025,2025-10-17,Tibet Hengqing Jizhi Artificial Intelligence Partnership (Limited Partnership),"HCR Co., Ltd",Target,"Tibet Hengqing Jizhi Artificial Intelligence Partnership (Limited Partnership) signed a share transfer agreement to acquire 7% stake in HCR Co., Ltd (SHSE:688500) from Tibet Liangzhi Zhengde Enterprise Management Consulting Co., Ltd., Juxingzhi (Shanghai) Enterprise Management Consulting Center (Limited Partnership) and Chengheyi (Shanghai) Enterprise Management Consulting Center (Limited Partnership) for approximately CNY 290 million.",other,False,,none,338874
1884489370.0,2024,2024-06-11,Healwell AI Inc.,Healwell AI Inc.,Buyer,"Healwell AI Inc. (TSX:AIDX) agreed to acquire VeroSource Solutions Inc. for CAD 24.5 million on June 11, 2024.",agreement,False,,none,037685
1913461430.0,2024,2024-12-16,Healwell AI Inc.,Orion Health Group Limited,Target,Healwell AI Inc. (TSX:AIDX) agreed to acquire Orion Health Group Limited from McCrae Limited and others for approximately NZD 200 million.,agreement,False,,none,318714
1966176551.0,2025,2025-10-15,"BlackRock, Inc.; Global Infrastructure Management, LLC; Kuwait Investment Authority; MGX Fund Management Limited; Microsoft Corporation; NVIDIA Corporation; Temasek Holdings (Private) Limited; X.AI LLC","Aligned Data Centers, LLC",Target,"A group of buyers agreed to acquire Aligned Data Centers, LLC from Macquarie Infrastructure Partners V, L.P., Macquarie Infrastructure Partners IV SCSP funds managed by Macquarie Infrastructure Partners Inc., and its co-invest partners for an enterprise value of $40 billion.",agreement,False,40000.0,max-fallback,
690123836.0,2020,2020-08-26,BDNM Investments Pty Ltd,Flamingo Customer Experience Inc,Target,BDNM Investments Pty Ltd entered into a binding share purchase agreement to acquire Flamingo Customer Experience Inc from Flamingo AI Limited (ASX:FGO) for AUD 0.5 million.,other,False,,none,
1780882877.0,2022,2022-04-28,,Ebunch Data & Development Ltd.,Target,Accumulate.AI Software Limited entered into a binding letter of Intent to acquire eBunch Data and Development Ltd. for CAD 0.23 million.,definitive_agreement,False,,none,
1998392889.0,2026,2026-05-01,Datavault AI Inc.,Datavault AI Inc.,Buyer,"Datavault AI Inc. (NasdaqCM:DVLT) signed a letter of intent to acquire CyberCatch Holdings, Inc. (TSXV:CYBE) for approximately CAD 140 million.",definitive_agreement,False,,none,033725
546760596.0,2017,2017-12-15,Datametrex AI Limited,Ronin Blockchain Corp.,Target,"Datametrex AI Limited (TSXV:DM) (‘Datametrex ‘) entered into a binding letter of intent to acquire Ronin Blockchain Corp. (‘Ronin’) from Stanley Park Ventures Ltd, Ironport Blockchain Financial Inc., Oak Mason Investments Inc. and 0718512 BC Ltd. for CAD 10 million.",definitive_agreement,False,,none,
1861447681.0,2023,2023-11-07,SEEYOU Ltd.,,Transaction,SEEYOU Ltd. agreed to acquire Univid ASA (OB:UNIV) for NOK 555 million in a reverse merger transaction.,agreement,False,,none,
1882082955.0,2024,2024-05-27,Allegra Innovations Pty Ltd,Allegra Medical Technologies Limited,Target,Allegra Innovations Pty Ltd made an offer to acquire Allegra Medical Technologies Limited (ASX:AMT) for AUD 0.5 million.,proposal,False,,none,287595
1796876932.0,2022,2022-08-16,AI Global Investments (Cyprus) PCC Limited,AI Global Investments (Cyprus) PCC Limited,Buyer,AI Global Investments (Cyprus) PCC Limited made an offer to acquire a 26.3% stake in DFM Foods Limited (BSE:519588) from the shareholders for INR 6.1 billion.,proposal,False,,none,
1972645818.0,2025,2025-12-02,"Marvell Technology, Inc.",Xora Innovation Pte. Ltd.,Seller,"Marvell Technology, Inc. (NasdaqGS:MRVL) entered into a definitive agreement to acquire Celestial AI Inc for $6 billion.",definitive_agreement,False,6000.0,for-pattern,
636399804.0,2019,2019-09-09,AI Global Investments (Cyprus) PCC Limited,DFM Foods Limited,Target,AI Global Investments (Cyprus) PCC Limited entered into an agreement to acquire 5% stake in DFM Foods Limited (BSE:519588) from Manmohan Singh and Anuradha Sharma.,agreement,False,,none,295749
706630111.0,2021,2021-03-05,"Logiq, Inc.","Logiq, Inc.",Buyer,"Logiq, Inc. (OTCPK:LGIQ) entered into an Agreement and Plan of Merger to acquire Rebel AI, Inc.",agreement,False,,none,175188
1998986028.0,2026,2026-04-30,"Professional Diversity Network, Inc.",,Transaction,"Professional Diversity Network, Inc. (NasdaqCM:IPDN) entered into a second stock purchase agreement to acquire an additional 3.20% stake in AI Geometric Ltd. for for $1.4 million.",other,False,1.4,for-pattern,
700116374.0,2020,2020-11-12,Golden Planet Mining Corp.,Golden Planet Mining Corp.,Buyer,Golden Planet Mining Corp. entered into a binding agreement to acquire 50% stake in XCorp AI Ltd. from GoldSpot Discoveries Corp. (TSXV:SPOT).,definitive_agreement,False,,none,
1976935493.0,2026,2026-01-05,Bridgepoint Group plc,,Transaction,Bridgepoint Group plc (LSE:BPT) signed an agreement to acquire Interpath Advisory from H.I.G. Europe Realty Partners for approximately $1.1 billion.,other,False,1100.0,for-pattern,
2002796563.0,2026,2026-05-28,Redwood AI Corp.,Redwood AI Corp.,Buyer,Redwood AI Corp. (CNSX:AIRX) signed a letter of intent to acquire QUANTUM.IQ Technologies Inc. for CAD 91.2 million.,definitive_agreement,False,,none,
1858011388.0,2023,2023-09-26,Above Food Ingredients Inc.,Above Food Ingredients Inc.,Buyer,"Above Food Inc. entered into an asset purchase agreement to acquire certain AI-based genomic assets, intellectual property,trait technology licensing rights from NRGene Technologies Ltd (TASE:NRGN).",other,True,,none,
1945264733.0,2025,2025-05-28,Cuarta Dimensión Médica S.L,Seed Capital Solutions Plc,Target,Cuarta Dimensión Médica S.L entered into non-binding heads of terms to acquire Seed Capital Solutions Plc (LSE:SCSP) for a transaction valued at £33.3 million in a reverse merger transaction.,proposal,False,,none,352413
711980918.0,2021,2021-04-20,Nano Dimension Ltd.; Nano-Dimension Technologies Ltd,,Transaction,"Nano Dimension Ltd. (NasdaqCM:NNDM) signed a definitive agreement to acquire DeepCube Ltd from AWZ HLS Fund II, LP, a fund managed by Awz Ventures Inc, Yaron Eitan, Andy Intrater, Eli David and others for $70 million.",definitive_agreement,False,70.0,for-pattern,
694204794.0,2020,2020-11-06,TELUS International (Cda) Inc.,"Lionbridge Technologies, LLC",Seller,"TELUS International (Cda) Inc. entered into a stock purchase agreement to acquire Lionbridge AI from Lionbridge Technologies, Inc. for approximately $940 million.",other,False,940.0,for-pattern,123016
1861825299.0,2023,2023-11-13,Helport AI Limited; Tristar Acquisition I Corp.,Picton Mahoney Asset Management,Seller,Helport Limited signed a non-binding letter of intent to acquire Tristar Acquisition I Corp. (NYSE:TRIS) from a group of shareholders for approximately $310 million in a reverse merger transaction.,definitive_agreement,False,310.0,for-pattern,
542274062.0,2017,2017-10-31,Evolution|AI Corporation,,Transaction,Evolution|AI Corporation made an offer to acquire an unknown majority stake in Pulse Evolution Corporation (OTCPK:PLFX) from accredited investors.,proposal,False,1.1,max-fallback,
1995528836.0,2026,2026-04-15,Potentially Ltd.,,Transaction,Potentially Limited signed Heads of Terms to acquire Tiger Alpha Plc (AIM:TIR) for £10 million in a reverse merger transaction.,agreement,False,,none,
1819275925.0,2022,2022-12-20,PAI Partners SAS,NovaTaste Austria GmbH,Target,"PAI Partners VIII, managed by AI Partners SAS entered into an agreement to acquire Savory Solutions Group from International Flavors & Fragrances Inc. (NYSE:IFF) for enterprise value of approximately $900 million.",agreement,False,900.0,max-fallback,
1787600467.0,2022,2022-06-21,"Linden Manager LLC; Ventra Health, Inc.",Aquiline Capital Partners LP,Seller,"Linden LLC agreed to acquire a majority stake in Aspirion Health Resources, LLC from Aquiline Capital Partners LLC.",agreement,False,,none,
636401499.0,2019,2019-09-09,AI Global Investments (Cyprus) PCC Limited,DFM Foods Limited,Target,AI Global Investments (Cyprus) PCC Limited made a tender offer to acquire 26.1% in DFM Foods Limited (BSE:519588) for INR 3.3 billion.,other,False,,none,295749
570843557.0,2018,2018-06-14,fuboTV Inc.,,Transaction,"Recall Studios, Inc. (OTCPK:BTOP) entered into a definitive agreement to acquire Evolution AI Corporation for approximately $190 million.",definitive_agreement,False,190.0,for-pattern,
634248202.0,2019,2019-08-23,Datametrex AI Limited,Datametrex AI Limited,Buyer,Datametrex AI Limited (TSXV:DM) entered into a binding letter of intent to acquire Semeon Analytics Inc. for CAD 4.75 million.,definitive_agreement,False,,none,032215
1945838805.0,2025,2025-06-02,Mayfield Group Holdings Limited,,Transaction,Mayfield Group Holdings Limited (ASX:MYG) has executed a conditional Share Purchase Agreement to acquire B.E. Switchcraft Pty. Ltd. from Alias Investments Pty. Ltd for AUD 7 million.,other,False,,none,
1884810708.0,2024,2024-06-12,Webrock Ventures AB,,Transaction,Webrock Ventures AB (OM:WRV) signed an offer letter to acquire 44.50% stake in Vivabem Brasil AB from Cardo Health AB in a transaction valued at approximately SEK 320 million.,other,False,,none,
1862691777.0,2023,2023-11-23,2624465 Ontario Inc.,2624465 Ontario Inc.,Buyer,2624465 Ontario Inc. entered into a letter of intent to acquire Newfoundland Goldbar Resources Inc. in a reverse merger transaction.,definitive_agreement,False,,none,
1974701092.0,2025,2025-09-15,"AI Technology Group Inc.; AVM BIOTECHNOLOGY, INC.",,Transaction,"AVM BIOTECHNOLOGY, INC. entered into a definitive agreement to acquire AI Technology Group Inc. (OTCPK:AIPG) for $3 million in a reverse merger transaction.",definitive_agreement,False,3.0,for-pattern,
257544948.0,2014,2014-02-14,AI Perfume France SAS,AI Perfume France SAS,Buyer,AI Perfume France SAS signed an agreement to acquire Nocibé France Distribution SAS from Charterhouse Capital Partners LLP and Euromezzanine for €500 million.,other,False,,none,
539420195.0,2017,2017-07-22,"Jiangsu Tongda Power Technology Co.,Ltd.","CINDA INVESTMENT Co.,LTD",Seller,"Jiangsu Tongda Power Technology Co., Ltd. agreed to acquire Longjitaihe Industry Co., Ltd from China Cinda Asset Management Co., Ltd. (SEHK:1359), Hebei Longji Taihe Enterprise Management Consulting Co., Ltd, Zhuhai Rong AI Equity Investment Partnership (Limited Partnership), and Cinda Investment Limited for CNY 16 billion.",agreement,False,,none,
707077475.0,2021,2021-03-10,Datametrex AI Limited,Datametrex AI Limited,Buyer,Datametrex AI Limited (TSXV:DM) entered into a Letter of Intent to acquire Perspectum Drone Inspection Services Ltd.,definitive_agreement,False,,none,032215
1859387096.0,2023,2023-10-18,Fobi AI Inc.,Fobi AI Inc.,Buyer,Fobi AI Inc. (TSXV:FOBI) signed an agreement to acquire certain business assets of Wallet from Wallet Communication Sl for approximately €0.11 million.,other,False,,none,035362
1777272689.0,2021,2021-12-29,XMachina AI Group Inc.,,Transaction,XMachina-AI Inc. (XMAI) entered into a letter of intent to acquire 1210352 B C Ltd. (Company) in a reverse merger transaction.,definitive_agreement,False,,none,
1774910251.0,2022,2022-03-16,AI Global Investments (Cyprus) PCC Limited; AI Pure (Cayman) Limited; Lunolux Limited; Lunolux Midco Limited,AI Global Investments (Cyprus) PCC Limited,Buyer,"Lunolux Limited, Lunolux Midco Limited, AI Pure (Cayman) Limited and AI Global Investments (Cyprus) PCC Limited made an offer to acquire to acquire a 26% stake in Eureka Forbes Limited (BSE:543482) for for INR 10.6 billion.",proposal,False,,none,
1758816079.0,2021,2021-11-18,Insig AI Plc,FDB Systems Limited,Target,Insig AI Plc (AIM:INSG) entered into a conditional share purchase agreement acquire Fdb Systems Limited for £9.4 million.,other,False,,none,
1912314089.0,2024,2024-12-10,1514910 B.C. Ltd.,Wisr AI Systems Inc.,Target,1514910 B.C. Ltd. agreed to acquire Wisr AI Solutions Inc. in a reverse merger transaction.,agreement,False,,none,
704799644.0,2021,2021-02-18,"Definium Therapeutics, Inc.",,Transaction,"Mind Medicine (MindMed) Inc. (OTCPK:MMED.F) entered in an agreement to acquire HealthMode, Inc. for CAD 42.7 million.",proposal,False,,none,
1972799961.0,2025,2025-12-02,"FOCUS AI Co., Ltd.",,Transaction,"FOCUS AI Co., Ltd. (KOSDAQ:A331380) agreed to acquire 40.61% stake in Busan Digital Asset Nexus Co., Ltd. from MSV MA Investment Fund No. 1, a fund managed by Mainstreet Ventures, Optimus Blocks Co., Ltd and others for KRW 12.7 billion.",agreement,False,,none,
1773460587.0,2022,2022-03-04,Cleantech Power Corp.,,Transaction,Alkaline Fuel Cell Power Corp. (NEOE:PWWR) entered into a definitive agreement to acquire Combined Heat and Power generation business of 2191 Yonge Ltd.,definitive_agreement,False,,none,
1773442061.0,2022,2022-03-04,Cleantech Power Corp.,Cleantech Power Corp.,Buyer,Alkaline Fuel Cell Power Corp. (NEOE:PWWR) entered into definitive agreement to acquire Combined Heat and Power Generation Business of AI Renewable 2018-I Limited Partnership,definitive_agreement,False,,none,107294
699889242.0,2020,2020-10-01,AI/ML Innovations Inc.,Salu Design Group Inc.,Target,AI/ML Innovations Inc. (TSXV:AIML) entered into a share purchase agreement to acquire a 70% stake in Salu Design Group Inc.,other,False,,none,
1947092208.0,2025,2025-06-06,Pinewood Technologies Group PLC,,Transaction,Pinewood Technologies Group PLC (LSE:PINE) agreed to acquire remaining 51% stake in Pinewood North America LLC from Lithia Uk Holding Limited for $78.7 million.,agreement,False,78.7,for-pattern,
113876208.0,2010,2010-09-28,Ting Hsin (Cayman Islands) Holding Corp.,Ting Hsin (Cayman Islands) Holding Corp.,Buyer,"Ting Hsing Holding Co., Ltd. (Cayman) entered into a share and purchase agreement to acquire an additional 8% stake in Tingyi-Asahi-Itochu Beverages Holding Co. Ltd. from AI Beverage Holding Co., Ltd. for $520 million.",other,False,520.0,for-pattern,
2186741.0,2005,2005-09-19,SAS DEMGY,JCB (Meca-Teno),Target,Announced Merger/Acquisition Transaction - Target: JCB (Meca-Teno); Buyer(s): Dedienne Plasturgie; Seller(s): Altamir & Cie,agreement,False,25.92,max-fallback,
1955370405.0,2025,2025-07-31,1329308 B.C. Ltd.; Relief AI Inc.,Relief AI Inc.,Target,1329308 B.C. Ltd. entered into an arm’s length binding letter of intent acquire Relief AI Inc.,definitive_agreement,False,,none,
1917369783.0,2025,2025-01-17,"H.I.G. Capital, LLC",,Transaction,"H.I.G. Capital, LLC agreed to acquire Kantar Media Audiences Limited from The Kantar Group Limited for approximately $1 billion.",agreement,False,1000.0,for-pattern,
683523771.0,2020,2020-08-13,"Logiq, Inc.",Fixel,Target,Weyland Tech Inc. (OTCPK:WEYL) reached an agreement to acquire Fixel AI Inc. for $4.5 million.,letter_of_intent,False,4.5,for-pattern,
1960683063.0,2025,2025-09-15,Datametrex AI Limited,Datametrex AI Limited,Buyer,Datametrex AI Limited (TSXV:DM) signed a non-binding of a Letter of Intent to acquire Yuzu Payment Processing Solution from Firstpayment Inc. for,definitive_agreement,False,,none,032215
1914030478.0,2024,2024-12-23,"The NFT Marketplace, Inc.",Strong AI Invest Limited,Target,"The NFT Marketplace, Inc. (OTCPK:NFTM) signed a letter of intent to acquire Strong AI Invest Limited for CAD 6.6 million.",letter_of_intent,False,,none,
1931142123.0,2025,2025-02-13,Rezolve AI PLC,GroupBy Inc./GroupBy International Ltd.,Target,Rezolve AI Limited (NasdaqGM:RZLV) entered into a purchase agreement to acquire GroupBy Inc. and GroupBy International Ltd. for an enterprise value of $55 million.,other,False,55.0,max-fallback,
700488280.0,2021,2021-01-07,Datametrex AI Limited,Datametrex AI Limited,Buyer,Datametrex AI Limited (TSXV:DM) entered into letter of intent to acquire Concierge Medical Consultant Inc. for CAD 0.75 million.,definitive_agreement,False,,none,032215
653840009.0,2020,2020-02-06,DeepSpatial Inc.,DeepSpatial Inc.,Buyer,Loc8 Corp. entered into a letter of intent to acquire Hope Well Capital Corp. (TSXV:HOPE.P) in a reverse merger transaction.,definitive_agreement,False,,none,
419495275.0,2017,2017-02-08,Sophos Group Limited,Calibrium AG,Seller,"Sophos Group plc (LSE:SOPH) entered into an agreement to acquire Invincea, Inc. from Grotech Ventures, NAV, Harbert Management Corporation, Aeris Capital AG, ORIX Growth Capital, as well as other individuals for $120 million.",agreement,False,120.0,for-pattern,
653316178.0,2020,2020-02-03,"Big Tree Investments Limited; TIS Holdings Co., Ltd.",Big Tree Investments Limited,Buyer,"TIS Holdings, Big Tree Investments Limited and Ahn Young-jae signed a contract to acquire a 14.5% stake in Infraware, Inc. (KOSDAQ:A041020) from Kwak Youngsoo and Selvas AI Inc. (KOSDAQ:A108860) for KRW 13 billion.",other,False,,none,
1991636907.0,2026,2026-03-24,"Actelis Networks, Inc.",,Transaction,"Actelis Networks, Inc. (NasdaqCM:ASNS) entered into a binding term sheet to acquire Exaware Ltd.",definitive_agreement,False,,none,
1760881275.0,2021,2021-12-08,Fobi AI Inc.,,Transaction,"Fobi AI Inc. (TSXV:FOBI) entered into a non-binding letter of intent to acquire Passworks, S.A. from rancisco Fiúza Da Silva Beirâo Belo for €0.5 million.",definitive_agreement,False,,none,
62612268.0,2001,2001-12-28,Exprivia SpA,Quantum Blockchain Technologies Plc,Target,AISoftw@re S.p.A made an offer to acquire the remaining 96.31% stake in Brainspark Plc for £5 million.,proposal,False,,none,237903
1836901774.0,2023,2023-05-03,"Biomed Industries, Inc.",Breakout Labs,Seller,"Biomed Industries, Inc. submitted a proposal to acquire Quince Therapeutics, Inc. (NasdaqGS:QNCX) for $10.5 million.",proposal,False,10.5,for-pattern,
1967319028.0,2025,2025-10-23,64P Investments Proprietary Limited,64P Investments Proprietary Limited,Buyer,"64P Investments Proprietary Limited entered into a binding agreement to acquire an unknown majority stake in CannAfrica Proprietary Limited, BioData Proprietary Limited, Lima Romeo Air Proprietary Limited, The Highly Creative Proprietary Limited, African Cannabis Enterprises Proprietary Limited and Labat Chem (trading as Labat Healthcare) from Labat Africa Limited (JSE:LAB) for ZAR 23 million.",other,False,,none,
656490377.0,2020,2020-02-27,"DocuSign International, Inc.; DocuSign, Inc.",,Transaction,"DocuSign International, Inc. entered into a share purchase agreement to acquire unknown stake in Seal Software Limited from Tern Plc (AIM:TERN) and others for approximately $190 million.",other,False,190.0,for-pattern,
1990269787.0,2026,2026-03-16,CVAS International Limited,CVAS International Limited,Buyer,"CVAS International Limited entered into a share purchase agreement to acquire Finergi Global FZCO from BH Holdings Ltd, Clear Oak Limited, Shruti Rai and Konstantinos Kaliantzis for approximately ZAR 500 million.",other,False,30.0,max-fallback,
1775159684.0,2022,2022-03-21,"Guardforce AI Co., Limited","Shenzhen Yeantec Co., Limited",Seller,"Guardforce AI Co., Limited (NasdaqCM:GFAI) enterd into non-binding Letter of Intent to acquire Eight Companies of the Kewei Group from Shenzhen Kewei Robot Technology Co., Limited and Shenzhen Yeantec Co., Limited for $30 million.",definitive_agreement,False,30.0,for-pattern,
717041075.0,2021,2021-06-01,Accenture Federal Services LLC,The Carlyle Group Inc.,Seller,"Accenture Federal Services LLC entered into an agreement to acquire Novetta Solutions, LLC from Carlyle Partners VI, L.P., the fund managed by The Carlyle Group Inc. (NasdaqGS:CG).",agreement,False,1000.0,for-pattern,189459
212566682.0,2012,2012-04-02,Watchstone Group plc,Watchstone Group plc,Buyer,Quindell Portfolio Plc (AIM:QPP) made an offer to acquire remaining 22.4% stake in AI Claims Solutions plc for £3.3 million.,proposal,False,,none,274680
1975557335.0,2025,2025-12-24,Crestwell International Limited,China Frontier Technology Group,Seller,"Crestwell International Limited entered into a sales and purchase agreement to acquire Torch Media Co., Ltd. from China Frontier Technology Group (SEHK:1661) for HKD 8 million.",other,False,8.0,max-fallback,315684
1885285813.0,2024,2024-06-20,GoGo AI Network Inc.; Numinus Wellness Inc.,GoGo AI Network Inc.,Target,Numinus Wellness Inc. (TSX:NUMI) executed a letter of intent to acquire MedBright AI Investments Inc. (CNSX:MBAI) from Michael Dalsin and others for CAD 9.6 million.,definitive_agreement,False,,none,020939
3257480.0,2006,2006-10-26,"Axtel, S.A.B. de C.V.","Grupo Financiero Banamex, S.A. de C.V.",Seller,"Axtel SA de CV entered into an agreement to acquire Avantel, S.A. from Grupo Financiero Banamex-Accival SA de CV and Verizon Business for approximately $515.95 million.",agreement,False,515.95,for-pattern,030677
1953495548.0,2025,2025-07-15,Performive LLC,CloudFirst Technologies Corporation,Target,Performive LLC signed a definitive agreement to acquire CloudFirst Technologies Corporation from Data Storage Corporation (NasdaqCM:DTST) for $40 million.,definitive_agreement,False,40.0,for-pattern,
1880488053.0,2024,2024-05-08,Fyntechnical Innovations Inc.,Plato Technologies Inc.,Seller,"SMC Entertainment, Inc. (OTCPK:SMCE) entered into a letter of intent to acquire Chaintrade LTD from Red Matter Capital LLC and Plato Technologies Inc.",letter_of_intent,False,8.0,max-fallback,
1997867800.0,2026,2026-04-28,"Visium Technologies, Inc.",,Transaction,"Visium Technologies, Inc. (OTCPK:VISM) entered into non-binding Letter of Intent, to acquire ConnexUS AI Inc. from Adretreaver LLC and WXYZ Hosting LLC.",definitive_agreement,False,0.374,max-fallback,
1774776066.0,2022,2022-03-14,,AI Soft Company Limited,Target,Taxsa Bunnag signed an Information Memorandum to acquire an additional 51% stake in AI Soft Company Limited from Comanche International Public Company Limited (SET:COMAN) for THB 5 million.,other,False,,none,
1877544344.0,2024,2024-04-08,Norwegian AI Technology AS,Tydal Data Center AS/Troll Housing AS,Target,Norwegian AI Technology AS entered into a share purchase agreement to acquire Tydal Data Center and Troll Housing from Bryhni.Com As and Renol Invest As for $32 million.,other,False,32.0,for-pattern,
1987335346.0,2026,2026-02-27,"AI storm Co., Ltd.","AI storm Co., Ltd.",Buyer,"AI storm Co., Ltd. (TSE:3719) agreed to acquire Nippon Telesystem Co., Ltd from Hiroki Asada for ¥550 million.",agreement,False,,none,258399
2007419307.0,2026,2026-06-24,QUALCOMM Incorporated,"DFJ Growth Management, LLC",Seller,QUALCOMM Incorporated (NasdaqGS:QCOM) entered into a definitive agreement to acquire Modular Inc. for $3.9 billion.,definitive_agreement,False,3900.0,for-pattern,
2005634747.0,2026,2026-05-18,Bridgepoint Group plc; ECI Partners LLP,Bowmark Capital LLP,Seller,"ECI Partners LLP and Bridgepoint Growth II, managed by Bridgepoint Group plc (LSE:BPT) agreed to acquire an unknown majority stake in Helio Intelligence Group Limited from Bridgepoint Group plc (LSE:BPT) and Bowmark Capital LLP.",agreement,False,,none,
685365956.0,2020,2020-08-26,BDNM Investments Pty Ltd,,Target,BDNM Investments Pty Ltd entered into a binding share purchase agreement to acquire Flamingo Customer Experience Inc and Flamingo Ventures Pty Ltd for AUD 0.5 million.,other,False,,none,
1884692359.0,2024,2024-06-13,Healwell AI Inc.,Think Research Corporation,Seller,Healwell AI Inc. (TSX:AIDX) agreed to acquire 100% stake in Bio Pharma Services Inc. from Think Research Corporation for CAD 14.4 million.,agreement,False,31.0,max-fallback,039462
548748985.0,2018,2018-01-08,Datametrex AI Limited,Shoptalk Analytics Group Inc.,Target,Datametrex AI Limited (TSXV:DM) entered into a binding letter of intent to acquire Shoptalk Analytics Group Inc. for CAD 4 million.,definitive_agreement,False,,none,
242841407.0,2012,2012-04-30,Italiaonline S.p.A.,Italiaonline S.p.A.,Buyer,"Lighthouse International Co., SA agreed to acquire Seat Pagine Gialle SpA (BIT:PG) from Subcart S.A., Sterling Sub Holdings S.A., AI Subsilver S.A. and others in a reverse merger transaction.",agreement,False,,none,
1864112104.0,2023,2023-12-07,"SoundHound AI, Inc.","SYNQ3, Inc.",Target,"SoundHound AI, Inc. (NasdaqGM:SOUN) entered into an agreement to acquire SYNQ3, Inc. from Bluestem Capital Company, LLC and others for approximately $27.8 million.",agreement,False,27.8,for-pattern,
1815381568.0,2022,2022-11-17,Stellantis N.V.,Prime Ventures,Seller,"Stellantis N.V. (BIT:STLA) entered into an agreement to acquire AImotive Kft from Szechenyi Tokealap-kezelo Zrt., Lead Ventures and others.",agreement,False,,none,
1997334873.0,2026,2026-04-24,SLB N.V.,S&P Global Energy,Seller,SLB N.V. (NYSE:SLB) entered into a definitive agreement to acquire Geoscience and Petroleum Engineering Software Portfolio from S&P Global Energy.,definitive_agreement,False,,none,
1903649538.0,2024,2024-11-06,Süd Beteiligungen GmbH; VR Equitypartner GmbH,,Transaction,"VR Equitypartner GmbH, SÜD Beteiligungen GmbH and the management of Dekom AG agreed to acquire Dekom AG.",agreement,False,,none,
692356435.0,2020,2020-10-19,"Juniper Networks, Inc.","G20 Associates, LLC.",Seller,"Juniper Networks, Inc. (NYSE:JNPR) entered into a definitive agreement to acquire 128 Technology, Inc. for approximately $450 million.",definitive_agreement,False,450.0,for-pattern,
658233379.0,2020,2020-03-11,"RadNet, Inc.","DeepHealth, Inc.",Target,"RadNet, Inc. (NasdaqGM:RDNT) entered into definitive agreement to acquire DeepHealth for $42.4 million.",definitive_agreement,False,42.4,for-pattern,
1996294826.0,2026,2026-04-21,"Electra Vehicles, Inc.",Iron Horse Acquisitions Corp. II,Target,"Electra Vehicles, Inc. signed a definitive Business Combination Agreement to acquire Iron Horse Acquisitions Corp. II (NasdaqGM:IRHO) in a reverse merger transaction for approximately $400 million.",other,True,400.0,for-pattern,051785
1971805834.0,2025,2025-11-26,Cegid Group SA,Ageras A/S,Target,Cegid Group SA entered into a definitive agreement to acquire Ageras A/S from Investcorp Holdings B.S.C. and others.,definitive_agreement,False,,none,
1675317215.0,2021,2021-07-27,Fobi AI Inc.,,Transaction,"Fobi Ai Inc. (TSXV:FOBI) entered into an agreement in principle to acquire ertain Specific Assets and Liabilities of Qples, Inc. for $4.2 million.",definitive_agreement,False,4.2,for-pattern,
1939942590.0,2025,2025-04-16,NorthC Group B.V.,Colt Technology Services Group Limited,Seller,NorthC Group B.V. agreed to acquire Six Colt Data Centres in Germany and the Netherlands from Colt Technology Services Group Limited.,agreement,False,,none,
604341150.0,2019,2019-02-26,SinglePoint Inc.,Certain Assets of Direct Solar LLC and AI Live Transfers LLC,Target,"SinglePoint, Inc. (OTCPK:SING) entered into an asset purchase agreement to acquire certain assets of Direct Solar LLC and AI Live Transfers LLC.",other,False,2.04,max-fallback,
1930856441.0,2025,2025-02-11,Railtown AI Technologies Inc.,AI Partnerships Corp.,Target,Railtown AI Technologies Inc. (CNSX:RAIL) executed a memorandum of understanding to acquire AI Partnerships Corp. for CAD 29.5 million.,other,False,,none,
1914052734.0,2024,2024-12-23,FUSE-AI GmbH,,Transaction,Fuse-Ai GmbH signed a letter of intent to acquire Pineapple Power Corporation plc (LSE:PNPL) in a reverse merger transaction.,definitive_agreement,False,,none,
1962878809.0,2025,2025-09-28,Hangzhou Deep Blue Whale Artificial Intelligence Technology Partnership (Limited Partnership),Hangzhou Deep Blue Whale Artificial Intelligence Technology Partnership (Limited Partnership),Buyer,"Hangzhou Deep Blue Whale Artificial Intelligence Technology Partnership (Limited Partnership) agreed to acquire 10.5% stake in Qingdao Greensum Ecology Co., Ltd. (SZSE:300948) from Qingdao Greensum Investment Group Co., Ltd. for approximately CNY 220 million.",agreement,False,,none,
2089416.0,2000,2000-06-14,"Digerati Technologies, Inc.","Digerati Technologies, Inc.",Buyer,"Announced Merger/Acquisition Transaction - Target: Vycera Communications, Inc.; Buyer(s): ATSI Communications Inc.; Transaction Size: $37.3 mm",definitive_agreement,False,37.3,for-pattern,105364
1914803305.0,2024,2024-12-31,GoFintech Quantum Innovation Limited,CSOP Asset Management Limited,Target,GoFintech Innovation Limited (SEHK:290) entered into the Sale and Purchase Agreement to acquire 22.50% stake in CSOP Asset Management Limited (SEHK:7376) from Wealthink AI-Innovation Capital Limited (SEHK:1140) for Approximately HKD 1.1 billion.,other,False,,none,
1935305304.0,2025,2025-03-17,Datavault AI Inc.,,Transaction,"Datavault AI Inc. (NasdaqCM:DVLT) entered into a share exchange agreement to acquire a %5.52 stake in NYIAX, Inc. for $4.5 million.",other,False,4.5,for-pattern,
1931253563.0,2025,2025-02-13,"CareSpan Health, Inc.",Medtech AI Inc.,Target,"CareSpan Health, Inc. (TSXV:CSPN) entered into a binding definitive agreement to acquire Medtech AI Inc. for CAD 7.3 million.",definitive_agreement,False,,none,
1969942072.0,2025,2025-11-07,GTT Data Solutions Limited,GTT Data Solutions Limited,Buyer,GTT Data Solutions Limited (BSE:530457) signed a letter of intent to acquire Insurant AI Limited for approximately $1.8 million.,letter_of_intent,False,1.8,for-pattern,313348
1960831927.0,2025,2025-09-15,Bestand Korea; Vestand Inc.,Hyper Corporation Inc.,Seller,Bestand Korea agreed to acquire 89.32% stake in AI Mindbot Equity Union from Hyper Corporation Inc. (KOSDAQ:A065650) for KRW 8.5 billion.,agreement,False,,none,275816
698616849.0,2020,2020-12-17,,Citicode Ltd.,Seller,"Wong Kong Leong, Technical Director of N&T Smart, entered into a share purchase agreement to acquire N&T Smart Engineering (Pte.) Ltd. from Citicode Ltd. (SGX:5FH) for SGD 1.",other,False,,none,281695
1880593631.0,2024,2024-05-09,Wisr AI Systems Inc.,,Transaction,Wisr AI Solutions Inc. entered into a non-binding letter of intent to acquire Wisr AI Solutions Inc. in a reverse merger transaction.,definitive_agreement,False,,none,
1897153378.0,2024,2024-05-15,BioQuest Corp.,,Transaction,"BotMakers AI, Inc signed a definitive agreement to acquire BioQuest Corp. (OTCPK : BQST) in a reverse merger transaction for $2.1 million.",definitive_agreement,False,2.1,for-pattern,
590942914.0,2018,2018-11-09,Comanche International Public Company Limited,,Transaction,"Comanche International Public Company Limited (SET:COMAN) agreed to acquire 51% stake in AI Soft Company Limited from Amorn Udomsrirungruang, Parichart Phraingam, Phuriset Udomsrirungruang and Kittikorn Kanlekha for THB 10.2 million.",agreement,False,,none,
2006580023.0,2026,2026-06-15,Incubeta Australia Pty Limited,Datisan Pty Ltd,Target,Incubeta Australia Pty Limited agreed to acquire Datisan Pty Ltd from XPON Technologies Group Limited (ASX:XPN) for AUD 7.5 million.,agreement,False,,none,
1761344947.0,2021,2021-12-13,Intema S.A.R.L,VisionLabs B.V.,Target,"Intema S.a.r.l. entered into an agreement to acquire VisionLabs B.V from Alexander Khanin, Ivan Laptev, Sberbank of Russia (MISX:SBER) and Sistema Venture Capital, managed by Sistema Public Joint Stock Financial Corporation, Investment Arm for RUB 7 billion.",agreement,False,,none,
1915361135.0,2025,2025-01-07,"Global AI, Inc.",Tectu Biz LTD,Target,"Global AI, Inc. (OTCPK:GLAI) entered into an agreement to acquire Tectu Biz LTD for $1million.",agreement,False,1.0,for-pattern,
1844209782.0,2023,2023-06-19,Kings Entertainment Group Inc.,Kings Entertainment Group Inc.,Buyer,Kings Entertainment Group Inc. (CNSX:JKPT) acquired Braight AI Technologies Inc.,definitive_agreement,False,,none,352401
1991979045.0,2026,2026-03-26,Shield AI Inc.,"Aechelon Technology, Inc.",Target,"Shield AI Inc. agreed to acquire Aechelon Technology, Inc. from Sagewind Capital LLC and others.",agreement,False,,none,
2007439751.0,2026,2026-06-24,"ExlService Holdings, Inc.","I Merit, Inc.",Target,"ExlService Holdings, Inc. (NasdaqGS:EXLS) agreed to acquire iMerit Technology for $310 million.",agreement,False,310.0,for-pattern,
1972348625.0,2025,2025-12-01,Rezolve AI PLC,Rezolve AI PLC,Buyer,"Rezolve AI PLC (NasdaqGM:RZLV) entered into sale and purchase agreement to acquire CrownPeak Intermediate Holdings, Inc.",other,False,240.0,for-pattern,039408
1957732568.0,2025,2025-08-21,Nextech3D.AI Corporation,ARway Corporation,Target,Nextech3D.AI Corporation (OTCPK:NEXC.F) announced its intention to acquire a 60% stake in ARway Corporation (CNSX:ARWY) for $1.4 million.,definitive_agreement,False,1.4,for-pattern,041742
1946925078.0,2025,2025-06-04,Helsing GmbH,Helsing GmbH,Buyer,Helsing GmbH entered into a binding agreement to acquire Grob Aircraft SE from André Hiebeler and H-3 Aerospace GmbH & Co. KG.,other,False,,none,
1944670020.0,2025,2025-05-23,International Media Investments FZ LLC; Redbird Capital Partners Management LLC,Redbird Capital Partners Management LLC,Buyer,Redbird Capital Partners Management LLC and International Media Investments FZ LLC entered in an in-principle agreement to acquire Telegraph Media Group Limited for an enterprise value of €500 million.,other,False,,none,
1993027798.0,2026,2026-03-04,Subgen AI AB (publ),,Transaction,"Subgen AI AB (OM:SUBGEN) proposed to acquire an additional 79.93% stake in Substrate Artificial Inteligence, S.A. (BME:SAI) for €29.2 million.",proposal,False,,none,
1686868129.0,2021,2021-11-02,Justera Health Ltd.,Justera Health Ltd.,Buyer,ScreenPro Security Inc. (CNSX:SCRN) entered into a non-binding letter of intent to acquire Concierge Medical Consultant Inc. from Datametrex AI Limited (TSXV:DM) for CAD 0.7 million.,definitive_agreement,False,,none,
570466904.0,2018,2018-06-11,Splunk Inc.,J.F. Shea Venture Capital,Seller,"Splunk Inc. (NasdaqGS:SPLK) signed a definitive agreement to acquire VictorOps Inc. from Foundry Group, Costanoa Venture, Calibrate Ventures, J.F. Shea Venture Capital and others for approximately $120 million.",definitive_agreement,False,120.0,for-pattern,
675671493.0,2020,2020-07-07,,Lendified Holdings Inc.,Seller,Gord Baizley Chief Executive Officer of JUDI.AI and unknown group of investors entered into share purchase agreement to acquire JUDI.AI from Lendified Holdings Inc. (TSXV:LHI).,other,False,,none,
1866195060.0,2023,2023-12-27,"Eco Bright Future, Inc.; Universal Token, Inc.",,Transaction,"Eco Bright Future, Inc. entered into a letter of intent to acquire Eco Bright Future, Inc. (OTCPK:EBFI) from shareholders in a reverse merger transaction.",letter_of_intent,False,,none,
1970119606.0,2025,2025-11-08,Infopro Digital SAS,,Transaction,"Infopro Digital SAS entered into an agreement to acquire Notisum AB, Notisum ApS, ECHOLINE SAS and QSE Conseil & Performance SAS from Karnov Group AB (publ) (OM:KAR) for SEK 1 billion.",agreement,False,,none,
1821684268.0,2023,2023-01-12,Cambrosia Ltd.,Cambrosia Ltd.,Buyer,Cambrosia Ltd. signed an agreement to acquire 51% interest in  Harmony AI Holdings Ltd./Harmony I.L. Management and Escorting Ltd.,definitive_agreement,False,,none,
1939550986.0,2025,2025-04-10,TQG Technologies,Toggle3D.ai Inc.,Target,TQG Technologies signed a letter of intent to acquire 80% stake in Toggle3D.ai Inc. (CNSX:TGGL) from Nextech3D.AI Corporation (OTCPK:NEXC.F).,definitive_agreement,False,,none,
705498360.0,2021,2021-02-23,KKR & Co. Inc.,KKR & Co. Inc.,Buyer,"Global Vessel Solutions LP, managed by KKR & Co. Inc. (NYSE:KKR) entered into an agreement to acquire a 38% stake in Hyundai Global Service Co., Ltd. from Hyundai Heavy Industries Holdings Co., Ltd. (KOSE:A267250) for approximately KRW 650 billion.",agreement,False,,none,179741
1949713818.0,2025,2025-06-22,BUZZ HPC Ltd.,,Transaction,"BUZZ Performance Computing Ltd. signed a purchase and sale agreement to acquire Facility with a Capacity of Approximately 7.2 Megawatts, Located in Toronto, Canada for CAD 17.3 million on June 22, 2025.",other,False,,none,
668802002.0,2020,2020-05-21,Rymamay Investments Pty Limited,Rymamay Investments Pty Limited,Buyer,Rymamay Investments Pty Ltd entered into term sheet to acquire Substantially all the assets of Flamingo Ai Limited for nominal consideration of AUD 100.,other,False,,none,
1955121328.0,2025,2025-07-30,"NeOnc Technologies Holdings, Inc.",,Transaction,"NeOnc Technologies Holdings, Inc. (NasdaqGM:NTHI) signed a definitive agreement to acquire Artificial Intelligence, 3D, and Quantum Modeling IP Portfolio from Dr. Ishwar K. Puri and Beth R. Levinson for $3.5 million.",definitive_agreement,False,3.5,for-pattern,
1918407886.0,2025,2025-01-24,Entheon Biomedical Corp.,1000141080 Ontario Ltd.,Target,Entheon Biomedical Corp. (CNSX:ENBI) entered into a binding letter of intent to acquire 1000141080 Ontario Ltd. for CAD 3.4 million.,definitive_agreement,False,,none,
2003312186.0,2026,2026-05-29,"Samsung Card Co., Ltd.; Samsung SDS Co., Ltd.; Samsung Securities Co.,Ltd.","Samsung Card Co., Ltd.",Buyer,"Samsung Securities Co.,Ltd. (KOSE:A016360), Samsung SDS Co., Ltd. (KOSE:A018260) and Samsung Card Co., Ltd. (KOSE:A029780) agreed to acquire 4% stake in Dunamu Inc. for approximately KRW 610 billion.",agreement,False,,none,285183
1890527924.0,2024,2024-08-05,SunPower Inc.,Assets Associated with Business of SunPower Corp.,Target,"Complete Solaria, Inc. (NasdaqGM:CSLR) agreed to acquire Assets Associated with Business of SunPower Corporation (NasdaqGS:SPWR) for $45 million.",agreement,False,45.0,for-pattern,
1929508393.0,2025,2025-01-30,KPMG S.A.,,Transaction,KPMG Recursos S.A. agreed to acquire Loyic Information Technology S.L.,agreement,False,,none,
1942101911.0,2025,2025-05-05,BIMobject AB,BIMobject AB,Buyer,BIMobject AB (OM:BIM) signed a letter of intent to acquire GreenMetrica AB and Lumea AI Plattform AB for SEK 13 million.,letter_of_intent,False,,none,317061
1887570763.0,2024,2024-07-10,"Advanced Micro Devices, Inc.",Altor Equity Partners AB,Seller,"Advanced Micro Devices, Inc. (NasdaqGS:AMD) signing of a definitive agreement to acquire Silo.AI Oy from Altor Equity Partners AB for approximately $660 million.",definitive_agreement,False,660.0,for-pattern,
1971443002.0,2025,2025-11-20,Two artificial intelligence-optimized data centres of PPG PP GRID SDN. BHD.,Two artificial intelligence-optimized data centres of PPG PP GRID SDN. BHD.,Buyer,Two artificial intelligence-optimized data centres of PPG PP GRID SDN. BHD. entered into Memorandum of Understanding to acquire Mobile-health Network Solutions (NasdaqCM:MNDR) in a reverse merger transaction for $9.1 million.,other,False,9.1,for-pattern,
703227293.0,2021,2021-02-03,Sprout AI Inc.,Sprout AI Inc.,Buyer,"Sprout AI, S.A agreed to acquire 1262803 B.C. Ltd. in a reverse merger transaction for CAD 8.5 million.",letter_of_intent,False,,none,
1999016089.0,2026,2026-05-04,IREN Limited,"Mirantis, Inc.",Target,"IREN Limited (NasdaqGS:IREN) has signed a definitive agreement to acquire Mirantis, Inc. for approximately $630 million.",definitive_agreement,False,630.0,for-pattern,
1897590736.0,2024,2024-09-11,"Fetch.AI Limited; Ocean Protocol Foundation Ltd; Singularity Studio, Inc.",Ocean Protocol Foundation Ltd,Buyer,"Singularity Studio, Inc., Fetch.AI Limited and Ocean Protocol Foundation Ltd agreed to acquire Cudos Limited.",agreement,False,,none,
1763628916.0,2021,2021-07-06,Forrest Innovations Ltd.,,Transaction,Forrest Innovations Ltd. entered into a letter of intent to acquire GoPublic.AI Acquisition Corp. in a reverse merger transaction.,letter_of_intent,True,,none,
690047954.0,2020,2020-09-28,CloudMD Software & Services Inc.; Cloudmd Holdings Corporation (Delaware) Inc.,Cloudmd Holdings Corporation (Delaware) Inc.,Buyer,"CloudMD Holdings Corporation (Delaware) Inc. entered into a Binding Term Sheet to acquire 87.5% stake in Benchmark Systems, Inc. from Antworks Pte. Ltd. for $4.4 million.",definitive_agreement,False,4.4,for-pattern,
1887393907.0,2024,2024-07-09,Quantum Secure Encryption Corp.,Ovryde Ltd.,Seller,Scope AI Corp. (CNSX:SCPE) entered into a technology agreement to acquire QSE Group Ltd from Ovryde Ltd for CAD 5.9 million.,other,False,,none,
1962883242.0,2025,2025-10-01,GridAI Technologies Corp.,ADEC Private Equity Investments Limited Partnership,Seller,"Grid AI Corp. agreed to acquire Entero Therapeutics, Inc. (NasdaqCM:ENTO) in a reverse merger transaction.",agreement,False,,none,
1963033793.0,2026,2026-01-26,"Qingdao Greensum Ecology Co., Ltd.","Shanghai Mingpin Enterprise Development Co., Ltd.",Seller,"Qingdao Greensum Ecology Co., Ltd. (SZSE:300948) signed a letter of intent to acquire 51% stake in Hangzhou Actuary Artificial Intelligence Technology Co., Ltd. from a group of shareholders for approximately CNY 260 million.",letter_of_intent,False,,none,
1993782027.0,2026,2026-03-25,Bending Spoons S.p.A.,468 Capital,Seller,Bending Spoons S.p.A. entered into a definitive agreement to acquire Tractive GmbH from Guidepost Growth Equity and 468 Capital.,definitive_agreement,False,,none,
2006492747.0,2026,2026-06-17,Montagu Private Equity LLP,"Bmc Helix, Inc.",Target,"Montagu Private Equity LLP agreed to acquire an unknown majority stake in Bmc Helix, Inc. from BMC Software, Inc. for estimated $875 million.",agreement,False,875.0,max-fallback,
414932470.0,2016,2016-12-31,Wuxi Lianchuang Artificial Intelligence Investment Enterprise (Limited Partnership); Wuxi Zhefang Hagong Intelligent Robot Investment Enterprise (Limited Partnership),Jiangsu Shuangliang Science and Technology Limited Company,Seller,"Wuxi Zhifang Hagong Robot Investment Enterprise (Limited Partnership) and Wuxi Lianchuang Artificial Intelligence Investment Enterprise (Limited Partnership) signed the share transfer agreement to acquire 29.9% stake in Jiangsu Youli Investment Holding Co., Ltd. (SZSE:000584) from Jiangsu Shuangliang Science and Technology Limited for CNY 3.2 billion.",other,False,,none,
1945988926.0,2025,2025-06-02,Datasection Inc.,Datasection Inc.,Buyer,Datasection Inc. (TSE:3905) signed a letter of intent to acquire 55.98% stake in Cudo Ventures Limited from Mathew Hawkins.,letter_of_intent,False,,none,318919
597999488.0,2019,2019-01-11,"AIM Smarter, LLC","AIM Smarter, LLC",Buyer,"AIM Smarter, LLC entered into a binding asset purchase agreement to acquire Membership Based Trade Group Of Promotional Products Distributors Business Of AI Mastermind for $5 million.",other,False,5.0,for-pattern,
6253261.0,2009,2009-01-20,"Sinocom Pharmaceutical, Inc.",,Transaction,"Rolling Rhine Holdings, Ltd. entered into an exchange agreement to acquire Tiger Acquisitions, Inc.",other,False,,none,
1764294453.0,2022,2022-01-14,"Guardforce AI Co., Limited","Guardforce AI Co., Limited",Buyer,"Guardforce AI Co., Limited (NasdaqCM:GFAI) entered into an agreement in principle to acquire Shenzhen Keweien Robot Service Co., Ltd./Guangzhou Kewei Robot Technology Co., Ltd.",definitive_agreement,False,10.0,max-fallback,039434
1945396711.0,2025,2025-05-28,,Fobi AI Inc.,Seller,An undisclosed buyer signed an agreement to acquire Fobi AI Germany GmbH from Fobi AI Inc. (TSXV:FOBI) for €1.54 million.,other,False,,none,035362
2182892.0,2004,2004-06-22,AI Claims Solutions plc,AI Claims Solutions plc,Buyer,Announced Merger/Acquisition Transaction - Target: Colegate Accident Assistance Limited; Buyer(s): AI Claims Solutions plc,other,False,10.39,max-fallback,239957
531856224.0,2017,2017-05-16,Army Welfare Trust,Askari Life Assurance Company Limited,Target,Army Welfare Trust offered to acquire 24.5% stake in East West Life Assurance Company Limited (KASE:EWLA) for PKR 46.3 million.,proposal,False,,none,315334
2182885.0,2004,2004-06-22,AI Claims Solutions plc,,Transaction,Announced Merger/Acquisition Transaction - Target: Colegate Vehicle Hire Limited; Buyer(s): AI Claims Solutions plc,other,False,10.39,max-fallback,
108006822.0,2010,2010-06-16,Intertek Group plc,Expertises Technologies & Services Analyses S.A.,Target,Intertek Group plc (LSE: ITRK) signed an agreement to acquire Expertises Technologies & Services Analyses S.A (ETSA) from L'Air Liquide SA (ENXTPA: AI) for £7.5 million.,other,False,,none,
2182895.0,2004,2004-06-22,AI Claims Solutions plc,AI Claims Solutions plc,Buyer,Announced Merger/Acquisition Transaction - Target: Motor Hire (Diss) Limited; Buyer(s): AI Claims Solutions plc,other,False,10.39,max-fallback,239957
1955104674.0,2025,2025-07-30,Systems Limited,British American Tobacco International Holdings (UK) Limited,Seller,Systems Limited (KASE:SYS) signed a share purchase agreement to acquire British American Tobacco SAA Services (Private) Limited from British American Tobacco International Holdings (UK) Limited.,other,False,,none,
1991421214.0,2026,2026-03-23,Grab Holdings Limited,"Foodpanda Taiwan Co., Ltd.",Target,"Grab Holdings Limited (NasdaqGS:GRAB) agreed to acquire Foodpanda Taiwan Co., Ltd. from Delivery Hero SE (XTRA:DHER) for $600 million.",agreement,False,600.0,for-pattern,
1844243040.0,2023,2023-06-19,Braight AI Technologies Inc.,Braight AI Technologies Inc.,Buyer,Braight AI Technologies Inc. entered into a share exchange agreement to acquire epeer sp. z o.o. for  $1.5 million.,definitive_agreement,False,1.5,for-pattern,
1873598778.0,2024,2024-03-04,Being AI Limited; beingAI Limited,Ascension Capital Limited,Target,beingAI Limited agreed to acquire Ascension Capital Limited (NZSE:ACE) in a reverse merger transaction.,agreement,False,,none,275323
1954152351.0,2025,2025-07-21,"Polaris AI Corp.; Sewon Co.,Ltd","Osang Co., Ltd.",Seller,"Sewon Co.,Ltd (KOSDAQ:A234100) and Polaris AI Corp. (KOSDAQ:A039980) agreed to acquire 36.8% stake in HANDYSOFT, Inc. (KOSDAQ:A220180) from Osang Healthcare Co.,Ltd (KOSDAQ:A036220), Osang Co., Ltd.,Lee Dong-hyun, Park Cho-ok and Lee Guk-rae for KRW 50 billion.",agreement,False,,none,
1862054573.0,2023,2023-11-15,Healwell AI Inc.,Pentavere Research Group Inc.,Target,"Healwell AI Inc. (TSX:AIDX) entered into an agreement to acquire an unknown stake in Pentavere Research Group Inc.  Christopher Pettengell, Aviva Pratzer, Mark Harris, Steven Aviv, Hilton Silberg, AAron Leibtag and others for CAD 5.9 million.",agreement,False,,none,
1998754682.0,2026,2026-05-01,Nebius Group N.V.,,Transaction,"Nebius Group N.V. (NasdaqGS:NBIS) entered into an agreement and plan of merger to acquire Eigen AI, Inc. from Uncorrelated Ventures and others for approximately $620 million.",agreement,False,620.0,for-pattern,
1965900009.0,2025,2025-10-13,Datavault AI Inc.,,Transaction,"Datavault AI Inc. (NasdaqCM:DVLT) signed a letter of intent to acquire remaining 94.5% stake in NYIAX, Inc.",definitive_agreement,False,150.0,for-pattern,
570892159.0,2018,2018-06-14,fuboTV Inc.,,Transaction,Recall Studios (‘Recall’) made an offer to acquire unrestricted and open-market shares of Pulse Evolution Corporation (OTC:PLFX).,proposal,False,,none,
403391825.0,2016,2016-09-30,Ting Hsin (Cayman Islands) Holding Corp.; Tingyi (Cayman Islands) Holding Corp.,,Transaction,"Tingyi Cayman Islands Holding Corp. (SEHK:322) and Ting Hsin (Cayman Islands) Holding Corp. entered in a contact to acquire 10% stake in Tingyi-Asahi Beverages Holding Co., Ltd. from AI Beverage Holding Co., Ltd. for $330 million.",other,False,330.0,for-pattern,
1958699779.0,2025,2025-08-29,"Sumitomo Rubber Industries, Ltd.",Exor Ventures,Seller,"Sumitomo Rubber Industries, Ltd. (TSE:5110) signed an acquisition agreement to acquire remaining majority stake in Viaduct, Inc. from a group of shareholders for approximately $100 million.",other,False,100.0,for-pattern,
1966879171.0,2025,2025-10-21,Veeam Software Group GmbH,Capital One Ventures,Seller,"Veeam Software Group GmbH signed a definitive agreement to acquire Securiti, Inc. from Schroders Capital Global Innovation Trust plc - INOV (LSE:INOV) managed by Schroder Investment Management Limited and others for $1.7 billion.",definitive_agreement,False,1700.0,for-pattern,
1986259168.0,2024,2024-02-13,BlueHalo LLC,"Arlington Management Employees, LLC",Seller,"BlueHalo LLC acquired Eqlipse Technologies, LLC from Arlington Management Employees, LLC.",other,False,,none,
1884357139.0,2024,2024-06-03,LexisNexis Legal & Professional Inc.,,Transaction,LexisNexis Legal & Professional Inc. agreed to acquire Henchman BV for $160 million,agreement,False,160.0,for-pattern,
1886570432.0,2024,2024-07-02,"Freedom Holdings, Inc.","Freedom Holdings, Inc.",Buyer,"Freedom Holdings, Inc. (OTCPK:FHLD) signed a letter of intent to acquire Franks AI AB for $0.4 million.",definitive_agreement,False,0.4,for-pattern,
1824095948.0,2023,2023-02-01,Datrix S.p.A.,ARAMIS srl,Target,Datrix S.p.A. entered into an agreement to acquire a 60% stake in Aramis Srl.,agreement,False,,none,
1993966239.0,2026,2026-03-02,Rezolve AI PLC,,Transaction,"Rezolve AI PLC (NasdaqGM:RZLV) proposed to acquire Commerce.com, Inc. (NasdaqGM:CMRC) for approximately $130 million.",proposal,False,130.0,for-pattern,
1929026235.0,2025,2025-01-29,Aibotics Inc.,Aibotics Inc.,Buyer,"Mycotopia Therapies, Inc. (OTCPK:TPIA) signed a letter of intent to acquire DigiTrax Entertainment, LLC.",definitive_agreement,False,40.0,max-fallback,038154
1956879787.0,2025,2025-08-08,"Tansun Technology Co., Ltd.",,Transaction,"Tansun Technology Co., Ltd. (SZSE:300872) agreed to acquire 12.22% stake in Shenzhen Moshu Zhiqing Artificial Intelligence Co., Ltd. from Shenzhen Tianyao Future Innovation Technology Partnership (Limited Partnership) for CNY 1.3 million.",agreement,False,,none,
1861866109.0,2023,2023-11-14,New World Solutions Inc.,DataMetrex Electric Vehicle Solutions Inc.,Target,Graph Blockchain Inc. (CNSX:GBLC) entered into an agreement to acquire Datametrex Electric Vehicle Solutions from Datametrex AI Limited (TSXV:DM) for approximately CAD 6.8 million.,agreement,False,,none,
1819509629.0,2022,2022-12-22,"Guardforce AI Co., Limited; Shenzhen GFAI Robot Technology Co., Limited",,Transaction,"Guardforce AI Co., Limited (NasdaqCM:GFAI) and Shenzhen GFAI Robot Technology Co., Limited entered into an agreement to acquire Certain robot-related business assets of Shenzhen Kewei Robot Technology Co., Limited for $2.1 million.",agreement,False,2.1,for-pattern,
1955998295.0,2025,2025-07-16,Wisr AI Systems Inc.,Wisr AI Systems Inc.,Buyer,"Wisr AI Systems Inc. (CNSX:WISR) signed a letter of intent to acquire RIsk Assure, LLC from 1550553 B.C. Ltd., Anthony Green and Earl Moya for CAD 1.6 million.",definitive_agreement,False,,none,
2005793332.0,2026,2026-05-14,,"AI,Inc.",Seller,"Kazuhiro Hasegawa signed a letter of intent to acquire 92.50% stake in Super One Inc. from AI,Inc. (TSE:4388) for approximately ¥100 million.",letter_of_intent,False,,none,327527
1975384082.0,2025,2025-12-22,,"Huachen AI Parking Management Technology Holding Co., Ltd",Seller,"An undisclosed buyer entered into a share purchase agreement to acquire Hua Chen Intelligent Technology Co., Limited from Huachen AI Parking Management Technology Holding Co., Ltd (NasdaqCM:HCAI) for $0.05 million.",other,False,0.05,for-pattern,050471
1985554636.0,2026,2026-02-18,Multiverse ApS,Multiverse ApS,Buyer,"Multiverse ApS entered into an agreement to acquire Magic Find, Inc. from M.O.B.A. Network AB (OM:MOBA) for SEK 95 million.",agreement,False,,none,
4867095.0,2007,2007-09-30,L'Air Liquide S.A.,Allied Healthcare International Inc.,Seller,L'Air Liquide SA (ENXTPA: AI) acquired the respiratory homecare business of Allied Healthcare International Inc. for £36.5 million.,other,False,,none,025972
1892395371.0,2024,2024-08-23,GoFintech Quantum Innovation Limited,GoFintech Quantum Innovation Limited,Buyer,"GoFintech Innovation Limited (SEHK:290) agreed to acquire an additional 26.15% stake in Wealthink AI-Innovation Capital Limited (SEHK:1140) from Liu Zhiwei, Trenda Capital Pte. Ltd. and others for approximately HKD 300 million.",agreement,False,,none,252342
1970820271.0,2025,2025-08-25,Marshall Technologies Corp.; Redwood AI Corp.,Marshall Technologies Corp.,Target,Redwood AI Inc. entered into a share purchase agreement to acquire Marshall Technologies Corp. in a reverse merger transaction.,other,False,,none,
1934887444.0,2025,2025-03-12,SuperX AI Technology Limited,SuperX AI Technology Limited,Buyer,Junee Limited (NasdaqCM:JUNE) entered into a share purchase agreement to acquire 51% stake in MindEnergy AI Technology Pte. Ltd. from Ma Chao for $11.1 million.,other,False,11.1,for-pattern,041570
1761043815.0,2021,2021-12-09,"Guardforce AI Co., Limited","Guardforce AI Co., Limited",Buyer,"Guardforce AI Co., Limited (NasdaqCM:GFAI) proposed to acquire SBC Global Holdings Inc. for $2 million.",definitive_agreement,False,2.0,for-pattern,039434
1930976523.0,2025,2025-02-12,Rocket Doctor AI Inc.,F7 Ventures,Seller,Treatment.com AI Inc. (CNSX:TRUE) entered into a definitive agreement to acquire 100% shares in Rocket Doctor Inc. for CAD 21.5 million.,definitive_agreement,False,,none,
1881504370.0,2024,2024-05-20,MultiMetaVerse Holdings Limited,MultiMetaVerse Holdings Limited,Buyer,"MultiMetaVerse Holdings Limited (NasdaqCM:MMV) entered into a non-binding term sheet to acquire Bowong Technology (Shenzhen) Co., Ltd.",proposal,False,20.0,for-pattern,038247
598542281.0,2019,2019-01-16,Apax Partners LLP,Khazanah Nasional Berhad,Seller,"Apax Partners LLP signed a definitive agreement to acquire a minority stake in Fractal Analytics Inc. from TA Associates Management, L.P. and Khazanah Nasional Berhad.",definitive_agreement,False,200.0,max-fallback,
1976209636.0,2026,2026-01-02,"Bain Capital Private Equity, LP",,Transaction,"Bain Capital Asia Fund V, L.P., a fund managed by Bain Capital Private Equity, LP. entered into a Share Purchase Agreement to acquire 43.61% stake in Echomarketing Co.,Ltd. (KOSDAQ:A230360) from Kim Cheol-woong and AI Marketing Group Co., Ltd. for approximately KRW 220 billion.",other,False,,none,
1843097382.0,2023,2023-06-13,MAI Cloud Solutions Inc,Pulse Business Solutions Inc,Target,MAI Cloud Solutions Inc agreed to acquire Pulse AI Compute Solutions Inc. for CAD 1.6 million.,agreement,False,,none,
1683147768.0,2021,2021-09-27,Connexa Sports Technologies Inc.,,Transaction,Slinger Bag Inc. (OTCPK:SLBG) entered into an agreement to acquire GAMEFACE.AI from a group of shareholders for $23.5 million.,agreement,False,23.5,for-pattern,
1679667261.0,2021,2021-08-30,Zebra Technologies Corporation,Zebra Technologies Corporation,Buyer,"Zebra Technologies Corporation (NasdaqGS:ZBRA) signed a letter of intent to acquire Antuit, Inc. from Goldman Sachs Asset Management, L.P. and others.",letter_of_intent,False,,none,024405
1879864773.0,2024,2024-05-01,Presight AI Holding PLC,Abu Dhabi National Oil Company (ADNOC) P.J.S.C.,Seller,Presight AI Holding PLC (ADX:PRESIGHT) agreed to acquire an 11% stake in AIQ from Abu Dhabi National Oil Company.,agreement,False,1400.0,max-fallback,
707900209.0,2021,2021-03-16,"Genesys Cloud Services, Inc.","Genesys Cloud Services, Inc.",Buyer,"Genesys Telecommunications Laboratories, Inc. entered into a definitive agreement to acquire Nanorep Technologies Ltd. from LogMeIn Kft.",definitive_agreement,False,,none,064914
1960893009.0,2025,2025-09-17,"EdgeMode, Inc.",,Transaction,"EdgeMode, Inc. (OTCPK:EDGM) entered into a binding agreement to acquire 75% stake in Portfolio of Hyperscale Data Center Development Assets in Spain from Blackberry Aif SL.",other,False,,none,
2007768561.0,2026,2026-06-25,Hangzhou Deep Blue Whale Artificial Intelligence Technology Partnership (Limited Partnership),"Qingdao Greensum Ecology Co., Ltd.",Target,"Hangzhou Deep Blue Whale Artificial Intelligence Technology Partnership (Limited Partnership) signed Share Transfer Agreement to acquire an additional 5.02% stake in Qingdao Greensum Ecology Co., Ltd. (SZSE:300948) from Qingdao Greensum Investment Group Co., Ltd. for approximately CNY 180 million.",other,False,,none,346497
2006215524.0,2026,2026-04-29,Pathkey.AI Ltd,,Transaction,Pathkey.AI Ltd (ASX:PKY) agreed to acquire Chipforge Pte Ltd for AUD 29.41 million,agreement,False,,none,
2495060.0,2003,2003-12-19,L'Air Liquide S.A.,Rubix Group International Limited,Seller,L'Air Liquide SA (ENXTPA: AI) entered into a sale and purchase agreement to acquire the Livingston Calibration Business of Brammer plc (LSE: BRAM) for approximately £22.5 million.,other,False,,none,100148
1977434393.0,2026,2026-01-08,"CrowdStrike Holdings, Inc.","Resolute Ventures, Inc.",Seller,"CrowdStrike Holdings, Inc. (NasdaqGS:CRWD) signed a definitive agreement to acquire SGNL.AI, Inc. from a group of shareholders in a transaction valued at approximately $740 million.",definitive_agreement,False,740.0,max-fallback,
1966993047.0,2025,2025-10-21,Ambita AS,Prosper AI Eiendom AS,Target,Ambita AS entered into agreement to acquire remaining 85% stake in Prosper AI Eiendom AS.,other,False,,none,
1935371545.0,2025,2025-03-17,Tokenwell Platforms Inc.,Tokenwell Platforms Inc.,Buyer,Trilogy AI Corp. (CNSX:TRAI) entered into definitive agreement to acquire WealthAgile Inc for CAD 3.45 million.,definitive_agreement,False,,none,
1961472857.0,2025,2025-09-19,"Miroku Jyoho Service Co., Ltd.",,Transaction,"Miroku Jyoho Service Co., Ltd. (TSE:9928) agreed to acquire 70% stake in Synergix Technologies from KOH YANG UEI, LIM AI SIANG and others for SGD 23.7 million.",agreement,False,,none,
1815663662.0,2022,2022-11-16,Eventer Technologies Ltd,,Transaction,Eventer Technologies Ltd signed a letter of intent to acquire Ai Conversation Systems Ltd (TASE:AICS) in a reverse merger transaction.,definitive_agreement,False,5.7,max-fallback,
1943465050.0,2025,2025-05-14,"Databricks, Inc.",,Transaction,"Databricks, Inc. agreed to acquire remaining stake in Neon Software, LLC for $1 billion.",agreement,False,1000.0,for-pattern,
1959066250.0,2025,2025-09-02,K Wave Media Ltd.,K Wave Media Ltd.,Buyer,K Wave Media Ltd. (NasdaqGM:KWM) signed an agreement to acquire 55 percent stake in RABBIT WALK INC. for $13 million.,other,False,13.0,for-pattern,041449
1866152497.0,2023,2023-12-19,,,Transaction,Mr. Zhang Hua entered into the Equity Transfer Agreement to acquire remaining 10% stake in Nanjing Depth Element Artificial Intelligence Technology Development Company Limited from Nanjing Xinchuang Micro Machinery and Electronic Technology Company Limited for CNY1.5 million.,other,False,,none,
1903840216.0,2024,2024-11-12,United AI Greentech Ltd,United AI Greentech Ltd,Buyer,"United AI Greentech Ltd agreed to acquire a majority stake in AIWater (Anhui) Co., Ltd./UG Water Pte. Ltd. from United Greentech Holdings Pte Ltd. for CNY 370 million.",definitive_agreement,False,,none,
1960778864.0,2025,2025-09-16,"CrowdStrike Holdings, Inc.","GV Management Company, LLC",Seller,"CrowdStrike Holdings, Inc. (NasdaqGS:CRWD) signed a definitive agreement to acquire Pangea Cyber Corporation for $260 million.",definitive_agreement,False,260.0,for-pattern,
649039895.0,2019,2019-12-21,NET263 Ltd.; Suzhou Longao Fan Artificial Intelligence High-tech Investment Center (Limited Partnership),NET263 Ltd.,Buyer,"NET263 Ltd. (SZSE:002467) and Suzhou Longao Fan Artificial Intelligence High-tech Investment Center (Limited Partnership) signed a equity transfer agreement to acquire 5% stake in Feishu Digital Technology (Shanghai) Co., Ltd. from Chen Chengang for CNY 80 million.",other,False,,none,295241
1980668489.0,2026,2026-01-22,VivoPower PLC,VivoPower PLC,Buyer,VivoPower International PLC (NasdaqCM:VVPR) entered into a definitive agreement to acquire OGDC Pte Ltd.,definitive_agreement,False,13.0,max-fallback,029636
1993205666.0,2026,2026-04-02,,Lovable Labs Incorporated,Target,An undisclosed buyer agreed to acquire an unknown minority stake in Lovable Labs Incorporated from Flat Capital AB (publ) (OM:FLAT B).,agreement,False,,none,
638121941.0,2019,2019-09-23,Avanade Inc.,Avantgarde Business Solutions GmbH,Seller,Avanade Inc. has agreed to acquire alnamic AG from Avantgarde Business Solutions GmbH and Oboe Software GmbH.,agreement,False,,none,
1947278963.0,2025,2025-06-07,One Point One Solutions Limited,TECHSCIENT.AI Private Limited,Target,One Point One Solutions Limited (NSEI:ONEPOINT) entered into a securities and purchase agreement to acquire 51% stake in TECHSCIENT.AI Pvt Ltd for INR 150 million.,other,False,,none,
1862709127.0,2023,2023-11-23,Humanoid Global Holdings Corp.,Humanoid Global Holdings Corp.,Buyer,New Wave Holdings Corp. (CNSX:SPOR) entered into a share exchange agreement to acquire 50% stake in Longevity AI Inc. for $0.72 million.,other,False,0.72,for-pattern,035807
557380715.0,2018,2018-03-27,"Aruba Networks, Inc.",,Transaction,HPE Aruba entered into a definitive agreement to acquire Cape Networks.,definitive_agreement,False,,none,
1765394578.0,2022,2022-01-24,"Setopia Co., Ltd.",,Transaction,"Midas AI Co.,Ltd. (KOSDAQ:A222810) agreed to acquire Jason & Company Co., Ltd. from Choi Wook-rak, Daesung Kim, Jo Moon-jung, Hyunsoo Choi, Song Jin-soon, Kim Ye-jun, Kim Ye-gun and Ahn So-young for KRW 18.2 billion.",agreement,False,,none,
1868252312.0,2024,2024-01-11,Alset AI Ventures Inc.,Vertex AI Ventures Inc.,Target,Alset Capital Inc. (TSXV:KSUM.H) signed an agreement to acquire 49 percent stake in Vertex AI Ventures Inc. for CAD 0.6 million.,other,False,,none,
1871702983.0,2024,2024-02-13,GEDi Cube Intl Ltd.,,Transaction,GEDi Cube Intl Ltd. has executed a binding letter of intent to acquire 75% stake in Cyclomics B.V.,definitive_agreement,False,,none,
1992490262.0,2026,2026-03-30,"AI Maverick Intel, Inc.",HEAL Group Holdings Inc,Seller,"AI Maverick Intel, Inc. (OTCPK:AIMV) signed a letter of intent to acquire HEAL Access Canada Inc from HEAL Group Holdings Inc for $6.6 million.",definitive_agreement,False,6.6,for-pattern,
1993203425.0,2026,2026-04-02,,,Transaction,An undisclosed buyer agreed to acquire an unknown minority stake in Cerebras Systems Inc. from Flat Capital AB (publ) (OM:FLAT B).,agreement,False,,none,
1939589469.0,2025,2025-03-31,Gptx Investment Management Limited,Gptx Investment Management Limited,Buyer,"GPTX Tech-Driven LPF, fund managed by Gptx Investment Management Limited entered into sale and purchase agreement to acquire 10% stake in DL Digital Family Office (Cayman) Limited from DL Holdings Group Limited (SEHK:1709) for $3.5 million.",other,False,3.5,for-pattern,
1993200400.0,2026,2026-04-02,,Flat Capital AB (publ),Seller,An undisclosed buyer agreed to acquire an unknown minority stake in Eleven Labs Inc. from Flat Capital AB (publ) (OM:FLAT B).,agreement,False,,none,350740
1794117604.0,2022,2022-08-03,XMachina AI Group Inc.,,Transaction,XMachina AI Group Inc. signed a Letter of Intent to acquire Nuvoola AI Inc. for CAD 18 million.,letter_of_intent,False,,none,
1869355434.0,2024,2024-01-24,Genius Group Limited,"LZG International, Inc.",Target,"Genius Group Limited (NYSEAM:GNS) signed a definitive merger agreement to acquire LZG International, Inc. (OTCPK : LZGI).",definitive_agreement,False,,none,016494
1814600706.0,2022,2022-11-08,Qingdao Qianshu Investment Partnership (Limited Partnership); Suzhou Qingzhouyuan Fengxinyuan Venture Capital Partnership,"Shenzhen Urban Transport Technology Group Co., Ltd.",Seller,"Suzhou Qingzhouyuan Fengxinyuan Venture Capital Partnership and Qingdao Qianshu Investment Partnership entered into an agreement to acquire 30% stake in Shenyan Artificial Intelligence Technology (Shenzhen) Co., Ltd. from Shenzhen Urban Transport Planning Center Co., Ltd. (SZSE:301091) for CNY 9.1 million.",agreement,False,,none,351973
551241489.0,2018,2018-01-30,Striders Corporation,Striders Corporation,Buyer,"Striders Corporation (JASDAQ:9816) signed a contract to acquire 42% stake in AI Intellectual Property and Technology Research Center Co., Ltd. from a corporation and an individual for ¥74.2 million.",other,False,,none,201976
1958094934.0,2025,2025-08-25,Decidr AI Industries Ltd,,Transaction,Decidr AI Industries Ltd (ASX:DAI) entered into a binding sale agreement to acquire remaining 49% stake in DECIDR.AI Pty Ltd for AUD 43.1 million.,other,False,,none,
1671459235.0,2021,2021-03-23,Datametrex AI Limited,,Transaction,Datametrex AI Limited (TSXV:DM) entered into a letter of intent to acquire Medi-Call Inc. for CAD 12 million.,definitive_agreement,False,,none,
1940430370.0,2025,2025-04-21,Dead Sea Works Ltd.,,Transaction,Dead Sea Works Ltd. signed a definitive agreement to acquire Majority of Activity of Lavie Bio Ltd for $15.2 million.,definitive_agreement,False,15.2,for-pattern,
1837744819.0,2023,2023-05-11,"AI,Inc.","AI,Inc.",Buyer,"AI,Inc. (TSE:4388) agreed to acquire 40.54% stake in FueTrek Co., Ltd. (TSE:2468) from Glory Ltd. (TSE:6457) for approximately ¥860 million.",agreement,False,,none,327527
1849358380.0,2023,2023-07-28,Stock Trend Capital Inc.,,Transaction,Stock Trend Capital Inc. (CNSX:PUMP) entered into a share purchase agreement to acquire a 20% stake in YOUNET.,other,False,,none,
590358049.0,2018,2018-11-06,Complement Blends Private Limited,,Transaction,"Complement Blends Private Limited signed a memorandum of understanding to acquire Wellington Jute Mill, Wellingron Yam Unit and the Wellington Weaving Unit from AI Champdany Industries Limited (BSE:532806) for approximately INR 630 million.",other,False,,none,
1999338038.0,2026,2026-05-04,,Guerilla Tactical Services,Target,White Pearl Technology Group AB (OM:WPTG B) signed a letter of intent to acquire 51% stake in Guerilla Tactical Services for SEK 3 million.,letter_of_intent,False,,none,
1999338045.0,2026,2026-05-04,White Pearl Technology Group AB,,Transaction,White Pearl Technology Group AB (OM:WPTG B) signed a letter of intent to acquire 51% stake in Guerilla Tactical Services for SEK 3 million.,letter_of_intent,False,,none,
1672258502.0,2021,2021-06-28,P2Earn Inc.,,Transaction,Aquarius AI Inc. (TSXV:AQUA) entered into a definitive agreement to acquire a 75% stake in Podkast Entertainment Corp. for CAD 2.8 million.,definitive_agreement,False,,none,
1783761575.0,2022,2022-05-18,Integral Venture Partners,Sirma Group JSC,Seller,Integral Venture Partners agreed to acquire an unknown majority stake in Ontotext AD from Sirma Group Holding AD (BUL:SGH) for €19.5 million.,agreement,False,,none,320771
1953673002.0,2025,2025-07-17,"Fifty1 AI Labs, LLC",BioSpark AI Technologies Inc.,Target,"Fifty1 AI Labs, LLC signed a letter of intent to acquire BioSpark AI Technologies Inc.",definitive_agreement,False,,none,
1904954393.0,2024,2024-10-24,PM & Partners SGR SpA,PM & Partners SGR SpA,Buyer,PM & Partners III and PM & Partners SGR SpA signed a binding agreement to acquire 55% stake in COGNITIVE AI srl from Paolo Pettinato and Tommaso Odone.,other,False,,none,
3389339.0,2006,2006-12-21,L'Air Liquide S.A.,,Transaction,"L'Air Liquide SA entered into an agreement to acquire Japan Air Gases from Linde AG, for €590 million.",agreement,False,,none,
1998852044.0,2026,2026-05-04,SAP SE,Prior Labs GmbH,Target,SAP SE (XTRA:SAP) entered into a definitive agreement to acquire Prior Labs GmbH.,definitive_agreement,False,,none,
1872417257.0,2024,2024-02-22,"Intapp, Inc.",,Transaction,"Intapp, Inc. (NasdaqGS:INTA) signed an agreement to acquire AtomLeap GmbH from Airbridge Equity Partners Coöperatief U.A. and others.",other,False,,none,
658185366.0,2020,2020-03-09,"Rnt-X Co.,Ltd.; Sewon Co.,Ltd",Selvas AI Inc.,Seller,"Sewon Co., Ltd. (KOSDAQ:A234100) and iA Networks Company Limited (KOSDAQ:A123010) signed an agreement to acquire 12.9% stake in Infraware, Inc. (KOSDAQ:A041020) from Selvas AI Inc. (KOSDAQ:A108860) and others for KRW 12 billion.",other,False,,none,293538
1932678253.0,2025,2025-02-26,"TBK Bank, SSB; Triumph Financial, Inc.","Operator Stack, LLC",Seller,"Triumph Financial, Inc. (NasdaqGS:TFIN) agreed to acquire GreenScreens AI, Inc. for $160 million.",agreement,False,160.0,for-pattern,
2000761801.0,2026,2026-05-15,"NTT DATA Americas, Inc.",,Transaction,"NTT DATA Americas, Inc. has signed a definitive agreement to acquire Win Wire Technologies, Inc. from Sverica Capital Management LP.",definitive_agreement,False,,none,
1965715988.0,2025,2025-09-25,Globe-ing Inc.,,Transaction,"Globe-ing Inc. (TSE:277A) agreed to acquire remaining 22% stake in X-AI.Labo, Inc. from Laboro.AI Inc. (TSE:5586) for ¥410 million.",agreement,False,,none,
1974413967.0,2025,2025-11-04,Wilshire Treasury Limited,Being AI Limited,Seller,Wilshire Treasury Limited agreed to acquire Send Global Limited from Being AI Limited (NZSE:BAI).,agreement,False,,none,275323
1892538504.0,2024,2024-04-08,Datametrex AI Limited,,Transaction,Datametrex AI Limited (TSXV:DM) signed of a non-binding Letter of Intent to acquire Cereal Crunch of Sariel Diagnostics Corp. from Sariel Diagnostics Corp.,definitive_agreement,False,,none,
672443784.0,2020,2020-06-15,Kinaxis Inc.,"MaRs Discovery District, Investment Arm",Seller,Kinaxis Inc. (TSX:KXS) signed a definitive agreement to acquire Rubikloud Technologies Inc. for $60.4 million.,definitive_agreement,False,60.4,for-pattern,
1939590024.0,2025,2025-03-31,C Capital AI Limited,,Transaction,C Capital AI Limited entered into sale and purchase agreement to acquire 10% stake in DL Digital Family Office (Cayman) Limited from DL Holdings Group Limited (SEHK:1709) for $3.5 million.,other,False,3.5,for-pattern,
1963845193.0,2025,2025-10-06,"CoreWeave, Inc.",Ascension Ventures Limited,Seller,"CoreWeave, Inc. (NasdaqGS:CRWV) agreed to acquire Monolith AI Limited from IP Group Plc (LSE:IPO) and others.",agreement,False,,none,
1952653837.0,2025,2025-07-07,"Sitero, LLC",Axiom Real-Time Metrics Inc.,Target,"SITERO, LLC entered into a definitive agreement to acquire Axiom Real-Time Metrics Inc.",definitive_agreement,False,,none,
698614099.0,2020,2020-12-17,,Citicode-SNAP AI Pte. Ltd.,Target,Ting Shang Ping entered into a sale and purchase agreement to acquire 50% stake in Citicode-SNAP AI Pte. Ltd. from Citicode Corporation Pte. Ltd. for SGD 1.,other,False,,none,
709771779.0,2021,2021-03-30,"THE PATRICK J. MCGOVERN FOUNDATION, INC.","Cloudera Foundation, Inc.",Target,Patrick J. McGovern Foundation entered into a definitive agreement to acquire Cloudera Foundation.,definitive_agreement,False,1500.0,max-fallback,
1880051866.0,2024,2024-05-02,AI/ML Innovations Inc.,Naiad Labs Inc.,Seller,AI/ML Innovations Inc. (CNSX:AIML) signed a letter of intent to acquire Product Division of Naiad Labs Inc. for CAD 0.44 million.,definitive_agreement,False,,none,
1939590496.0,2025,2025-03-31,,,Transaction,Dong Ling entered into sale and purchase agreement to acquire 8% stake in DL Digital Family Office (Cayman) Limited from DL Holdings Group Limited (SEHK:1709) for $2.8 million.,other,False,2.8,for-pattern,
1960271930.0,2025,2025-09-11,"F5, Inc.",Manta Ray Ventures LLC,Seller,"F5, Inc. (NasdaqGS:FFIV) signed a letter of intent to acquire Calypso AI Corp for $180 million.",letter_of_intent,False,180.0,for-pattern,
1997364848.0,2026,2026-04-24,Bio Essence Corporation,,Transaction,"Bio Essence Corporation (OTCPK:BIOE) has entered into a Asset Purchase Agreement to acquire MediFlow AI from Zhituo Software Co., Limited for $3.1 million.",other,False,3.1,for-pattern,
1759642923.0,2021,2021-11-18,Nu Pagamentos S.A - Instituição de Pagamento,,Transaction,Nu Pagamentos S.A. entered into an agreement to acquire Olivia AI Inc from MSW Capital and others.,agreement,False,,none,
1912254686.0,2024,2024-12-10,AI/ML Innovations Inc.,,Transaction,AI/ML Innovations Inc. (CNSX:AIML) entered into an arms-length share purchase agreement to acquire Quantum Science Ltd for AUD 1 million..,other,False,,none,
1914173318.0,2024,2024-12-10,AI/ML Innovations Inc.,AI/ML Innovations Inc.,Buyer,AI/ML Innovations Inc. (CNSX:AIML) entered into an arms-length share purchase agreement to acquire Quantum Science Ltd for CAD 1 million.,other,False,,none,026785
1782672931.0,2022,2022-05-12,"Zoom Communications, Inc.","True Venture Management, LLC",Seller,"Zoom Video Communications, Inc. (NasdaqGS:ZM) entered into a definitive agreement to acquire Solvvy Inc. from True Venture Management, LLC, Investment Group of Santa Barbara, Pear Ventures Management, LLC and Scale Management, LLC.",definitive_agreement,False,,none,
1970916669.0,2025,2025-11-19,DECIDR.AI Pty Ltd,DECIDR.AI Pty Ltd,Buyer,"DECIDR.AI Pty Ltd entered into a binding term sheet to acquire Sugarwork, Inc. from Everywhere Ventures and others.",other,False,0.4,max-fallback,
1880310496.0,2024,2024-05-06,Linceis Capital Corp.,Linceis Capital Corp.,Buyer,Linceis Capital Corp. entered into a non-binding letter of intent to acquire DIAGEN AI INC.,definitive_agreement,False,,none,
1784505808.0,2022,2022-03-21,"Guardforce AI Co., Limited","Shenzhen Yeantec Co., Limited",Seller,"Guardforce AI Co., Limited (NasdaqCM:GFAI) entered into a letter of intent to acquire Beijing Wanjia Security System Limited from Shenzhen Yeantec Co., Limited for $8.4 million.",definitive_agreement,False,8.4,for-pattern,
1985415411.0,2026,2026-02-17,Mistral AI SAS,Koyeb,Target,Mistral AI SAS agreed to acquire Koyeb.,agreement,False,,none,
1983660003.0,2026,2026-02-09,"GFAI Robot Service (Hong Kong) Limited; Guardforce AI Co., Limited","Guardforce AI Co., Limited",Buyer,"Guardforce AI Co., Limited (NasdaqCM:GFAI) and GFAI Robot Service (Hong Kong) Limited entered into a non-binding Letter of Intent to acquire 61.85% stake in Shenzhen Muyan Education Technology Consulting Co., Ltd. from All AI Co., Limited.",definitive_agreement,False,,none,039434
1930731226.0,2025,2025-02-10,NXP Semiconductors N.V.,NXP Semiconductors N.V.,Buyer,"NXP Semiconductors N.V. (NasdaqGS:NXPI) entered into a definitive agreement to acquire Kinara, Inc. for approximately $310 million.",definitive_agreement,False,310.0,for-pattern,184725
142379469.0,2011,2011-10-12,Exail Technologies,AI Group S.A.S.,Target,"Groupe Gorge SA (ENXTPA: GOE) acquired 51% stake in A.I. Group from Xavier Reuter and Pierre Christophorov, Directors of A.I. Group.",other,False,,none,
683521948.0,2020,2020-08-13,Avianca Group International Limited,"Advent International, L.P.",Seller,Avianca Holdings S.A. (BVC:PFAVH) reached an agreement to acquire an additional 19.9% stake in LifeMiles LTD from AI Loyalty (Cayman) Limited for approximately $200 million.,other,False,200.0,for-pattern,
1998374257.0,2026,2026-04-30,"Palo Alto Networks, Inc.","Portkey, Inc",Target,"Palo Alto Networks, Inc. (NasdaqGS:PANW) signed a letter of intent to acquire Portkey, Inc.",letter_of_intent,False,,none,
1941140168.0,2025,2025-04-28,"Palo Alto Networks, Inc.",,Transaction,"Palo Alto Networks, Inc. (NasdaqGS:PANW) entered into a definitive agreement to acquire Protect AI, Inc. for approximately $700 million.",definitive_agreement,False,700.0,for-pattern,
1973678830.0,2025,2025-12-09,Nextech3D.AI Corporation,KraftyLab LLC,Target,Nextech3D.AI Corporation (OTCPK:NEXC.F) signed a definitive agreement to acquire Krafty Labs for $0.6 million.,definitive_agreement,False,0.6,for-pattern,
2007776071.0,2026,2026-06-18,Luda Technology Group Limited,Asia AI Data Centre & Quantum Technology Company Limited,Target,Luda Technology Group Limited (NYSEAM:LUD) signed a letter of intent to acquire 55% stake in Asia AI Data Centre & Quantum Technology Company Limited from Ms. Liu Liangping for HKD 0.94 million.,letter_of_intent,False,0.535,max-fallback,
1974519320.0,2025,2025-12-16,genOway Société anonyme,Data Science and AI assets in OMICS platform,Target,genOway Société anonyme (ENXTPA:ALGEN) agreed to acquire Data Science and AI assets in OMICS platform.,agreement,False,,none,
1835093471.0,2023,2023-04-27,Telix Pharmaceuticals Limited,,Transaction,Telix Pharmaceuticals Limited (ASX:TLX) entered into an agreement to acquire Dedicaid GmbH.,agreement,False,,none,
1856187322.0,2023,2023-09-20,Monstarlab Inc.,ExecutiveSearch.AI K.K.,Target,"Monstar Lab, Inc. (TSE:5255) agreed to acquire ExecutiveSearch.AI K.K. for approximately ¥410 million.",agreement,False,,none,
2091024.0,2004,2004-06-29,"Nippon Sanso Matheson, Inc.","Air Liquide Group, Messer Divestiture Assets",Target,"Announced Merger/Acquisition Transaction - Target: Air Liquide Group, Messer Divestiture Assets; Buyer(s): Matheson Tri-Gas, Inc.; Seller(s): L'Air Liquide SA; Transaction Size: $155 mm",agreement,False,155.0,max-fallback,
1913323952.0,2024,2024-12-18,Accenture plc,IQT Consulting SpA,Target,"Accenture plc (NYSE:ACN) agreed to acquire IQT Consulting S.p.A from Fondo Sviluppo PMI 2, a fund managed by FVS SGR S.p.A.",agreement,False,,none,
561854876.0,2018,2018-04-27,Polaris Office Corp.,Selvas AI Inc.,Seller,"Infraware, Inc. (KOSDAQ:A041020) agreed to acquire 8.67% stake in SELVAS Healthcare, Inc. (KOSDAQ:A208370) from Selvas AI Inc. (KOSDAQ:A108860) for KRW 9 billion.",agreement,False,,none,293538
1913428468.0,2024,2024-12-17,Trane Technologies plc,BrainBox AI Inc.,Target,Trane Technologies plc (NYSE:TT) signed a definitive agreement to acquire BrainBox AI Inc.,definitive_agreement,False,,none,
1871076557.0,2024,2024-02-06,Metasphere Labs Inc.,Metasphere Labs Inc.,Buyer,Looking Glass Labs Ltd. (NEOE:NFTX) entered into a definitive agreement to acquire Climate and artificial intelligence (AI) web3 assets from Bot Media Corp. for CAD 0.77 million.,definitive_agreement,False,,none,
1984829972.0,2026,2026-02-13,Response Informatics Limited,Datalabs AI Private Limited,Target,Response Informatics Limited (BSE:538273) agreed to acquire remaining 33.33% stake in Datalabs AI Private Limited.,agreement,False,,none,
1964366212.0,2025,2025-10-07,Spectral Capital Corporation,,Transaction,Spectral Capital Corporation (OTCPK:FCCN) executed a binding term sheet to acquire Snack Prompt Corp. for $25.5 million.,definitive_agreement,False,25.5,for-pattern,
674141827.0,2020,2020-06-26,"Culture Convenience Club Co., Ltd.; Global Brain Corporation; SBI Investment Co., Ltd.; TV Asahi Holdings Corporation","Culture Convenience Club Co., Ltd.",Buyer,"Culture Convenience Club Co., Ltd., KDDI Open Innovation Fund 3 managed by Global Brain Co., Ltd., SBI AI & Blockchain Fund managed by SBI Investment Co., Ltd. and TV Asahi Holdings Corporation (TSE:9409) agreed to acquire an unknown minority stake in SHOWROOM Inc. from DeNA Co., Ltd. (TSE:2432).",agreement,False,,none,242196
1968568103.0,2025,2025-11-03,Korea AI Fund; Sapiencia,Sapiencia,Buyer,"Sapiencia and Korea AI Fund agreed to acquire 50.11% stake in Pintel Co., Ltd. (KOSDAQ:A291810) from Kim Dong-Ki, Jeong Young-hoon and Seong Jong-hwan for KRW 30.2 billion.",agreement,False,,none,
3070518.0,2006,2006-07-28,New'Arch,,Transaction,New’Arch AI agreed to acquire the remaining 37% in New’Arch in cash.,agreement,False,,none,
1945380604.0,2025,2025-05-28,BGM Group Ltd.,Starisland AI Pte. Ltd.,Seller,"BGM Group Ltd. (NasdaqCM:BGM) agreed to acquire Xingdao AI Robot Co., Limited from Great Name Group Limited, Canoe Group Ltd. and Starisland AI Pte. Ltd. CNY 3.81 billion.",agreement,False,,none,
1930707959.0,2025,2025-02-07,Rezolve AI PLC,Dblp Sea Cow Limited,Seller,"Rezolve AI Limited (NasdaqGM:RZLV) agreed to acquire Bluedot Industries, Inc. and Bluedot Industries Pty. Ltd. from Dblp Sea Cow Limited for AUD 3.9 million.",agreement,False,,none,
1830125328.0,2023,2023-03-21,Accenture Solutions Private Limited; Accenture plc,Lumis Consulting Partners India Private Limited,Seller,Accenture Solutions Private Limited agreed to acquire Flutura Business Solutions Pvt. Ltd.,agreement,False,,none,
1912172674.0,2024,2024-12-10,Alset AI Ventures Inc.,,Transaction,Alset AI Ventures Inc. (TSXV:GPUS) agreed to acquire Cedarcross Technologies Inc.,agreement,False,,none,
531082889.0,2017,2017-07-17,Mastercard Incorporated,Mastercard Incorporated,Buyer,"Mastercard Incorporated (NYSE:MA) entered into an agreement to acquire Brighterion, Inc.",agreement,False,,none,160225
1885573557.0,2024,2024-06-25,JFrog Ltd.,Deer Management Co. LLC,Seller,JFrog Ltd. (NasdaqGS:FROG) entered into a Share Purchase Agreement to acquire Qwak AI Ltd. for approximately $230 million.,other,False,230.0,for-pattern,
1986281879.0,2026,2026-02-24,SWI Capital Holding Ltd.,Polarise GmbH,Target,SWI Capital Holding Ltd. (ENXTAM:SWICH) agreed to acquire an unknown majority stake in Polarise GmbH.,agreement,False,,none,
1684977619.0,2021,2021-10-08,Autonet Group,,Transaction,Autonet Group agreed to acquire a 51% stake in Augsburg International.,agreement,False,,none,
1990866785.0,2026,2026-03-13,Fuva Brain Limited,Fuva Brain Limited,Buyer,Fuva Brain Limited (TSE:3927) agreed to acquire 51% stake in ProofX Inc. from Ryota Natsume for approximately ¥310 million.,agreement,False,,none,320973
643023251.0,2019,2019-10-23,"ServiceNow, Inc.",Cognitive Search Capabilities of Attivio,Target,"ServiceNow, Inc. (NYSE:NOW) signed an agreement to acquire Cognitive Search Capabilities of Attivio from Attivio, Inc.",other,False,,none,
1944581126.0,2025,2025-02-21,Values AI S.r.l.,,Transaction,Values AI Srl submitted a binding offer to acquire an additional 78.80% stake in Technis Blu srl from Infordata S.P.A for €1.6 million.,other,False,,none,
1855316418.0,2023,2023-09-07,Ubiquitous AI Corporation,,Transaction,"Ubiquitous AI Corporation (TSE:3858) agreed to acquire remaining 89.84% stake in Grape Systems Inc. from Kiyotaka Kudo, three directors of Grape Systems and other minority shareholders for ¥123 million.",agreement,False,,none,
1892413428.0,2024,2024-08-23,Aurelion Inc.,Aurelion Inc.,Buyer,Prestige Wealth Inc. (NasdaqCM:PWM) agreed to acquire Wealth AI PTE LTD from Zimuyin Jiang for $4.82 million.,agreement,False,4.82,for-pattern,043085
1888124543.0,2024,2024-07-16,Gamaya SA,,Transaction,Gamaya SA agreed to acquire Terraview GmbH.,agreement,False,,none,
1674140335.0,2021,2021-07-15,Tersis Technologies Inc.,,Transaction,"International Consolidated Companies, Inc. (OTCPK:INCC) executed a letter of intent to acquire SoundTech AI, Inc",definitive_agreement,False,,none,
1931733224.0,2025,2025-02-18,HP Inc.,"Top Tier Capital Partners, LLC",Seller,"HP Inc. (NYSE:HPQ) entered into a definitive agreement to acquire Humane, Inc. for approximately $120 million.",definitive_agreement,False,120.0,for-pattern,
1960719140.0,2025,2025-09-16,Check Point Software Technologies Ltd.,Fly Ventures Management GmbH,Seller,Check Point Software Technologies Ltd. (NasdaqGS:CHKP) entered into an agreement to acquire Lakera AI AG in a transaction valued at approximately $300 million.,agreement,False,300.0,max-fallback,
1962872701.0,2025,2025-10-01,MedPal Limited,,Transaction,MedPal Limited agreed to acquire key assets of Universal Pharmacy Limited for £0.05 million.,agreement,False,,none,
1862402265.0,2023,2023-11-19,VCI Global Limited,AI based-AdTech platforms assets and IP of Playstack Limited,Target,VCI Global Limited (NasdaqCM:VCIG) signed letter of intent to acquire AI based-AdTech platforms assets and IP from Playstack Limited for $2 million.,letter_of_intent,False,2.0,for-pattern,
1971758662.0,2025,2025-11-21,Sterling Specialty Chemicals US LLC,Halliburton Company,Seller,"Sterling Specialty Chemicals, LLC entered into a definitive agreement to acquire Multi-Chem Group, LLC from Halliburton Company (NYSE:HAL).",definitive_agreement,False,,none,005439
1785402423.0,2022,2022-06-02,"Guardforce AI Co., Limited",,Transaction,"Guardforce AI Co., Limited (NasdaqCM:GFAI) signed a supplemental letter of intent to acquire Twelve Companies of the Kewei Group from Shenzhen Kewei Robot Technology Co., Limited for $18 million.",definitive_agreement,False,18.0,for-pattern,
2002150862.0,2026,2026-05-25,Zetrix AI Berhad,Zetrix AI Berhad,Buyer,Zetrix AI Berhad (KLSE:ZETRIX) entered into a memorandum of understanding to acquire Forefront Tech Holdings Acquisition Corp. (NasdaqGM:FTHA.U) in a reverse merger transaction.,definitive_agreement,True,,none,282617
700177885.0,2020,2020-12-30,"Jingdong Digits Technology Holding Co., Ltd.","Jingdong Digits Technology Holding Co., Ltd.",Buyer,"Jingdong Digits Technology Holding Co., Ltd. agreed to acquire JD Cloud & AI business from JD.com, Inc. (NasdaqGS:JD).",agreement,False,,none,
1861059484.0,2023,2023-11-03,"Substrate Artificial Inteligence, S.A.","Substrate Artificial Inteligence, S.A.",Buyer,"Substrate Artificial Inteligence, S.A. (BME:SAI) agreed to acquire 70% stake in BINIT SRL and DELTANOVA SA for €6 million.",agreement,False,,none,353336
1883424182.0,2024,2024-05-03,Aztec Fluids & Machinery Limited,Aztec Fluids & Machinery Limited,Buyer,"Aztec Fluids & Machinery Limited (BSE:544177) agreed to acquire Jet Inks Private Limited from Barrla Fets Private Limited, Badr M AI Refae and Rajendran Jagadeesan for INR 170 million.",agreement,False,,none,361732
1917578243.0,2025,2025-01-21,MindBio Therapeutics Corp.,MindBio Therapeutics Corp.,Buyer,MindBio Therapeutics Corp. (CNSX:MBIO) signed a letter of intent to acquire Life AI Corp Pty Ltd from Justin Hanka and others for AUD 0.58 million.,definitive_agreement,False,,none,
1955143205.0,2025,2025-07-30,"BMP AI Technologies, Inc.","BMP AI Technologies, Inc.",Buyer,Neuralbase AI Ltd. (OTCPK:NBBI) asset purchase agreement to acquire HeartEase from Ahmed Mohammed Zaheer Uddin.,other,False,,none,147411
133206024.0,2010,2010-09-25,"Meinl Bank AG, Investment Arm",SO.GE.A.P. S.p.A.,Target,"Meinl Bank AG, Investment Arm signed an agreement to acquire 67.95% stake in SO.GE.A.P. S.p.A. from AI Airports International Ltd. (WBAG: AIN).",other,False,,none,
1776521960.0,2022,2022-03-31,Intel Corporation,Granulate Cloud Solutions Ltd.,Target,Intel Corporation (NasdaqGS:INTC) agreed to acquire Granulate Cloud Solutions Ltd.,agreement,False,,none,
2008653205.0,2026,2026-06-29,Bit Origin Ltd,16 NVIDIA Blackwell B300 AI servers,Target,Bit Origin Ltd (NasdaqCM:BTOG) entered into an Asset Purchase Agreement to acquire 16 NVIDIA Blackwell B300 AI servers from PT MITRA MANUNGGAL SANGKARA for $11 million,other,False,11.0,for-pattern,
1988712719.0,2026,2026-02-27,"AI storm Co., Ltd.",,Transaction,"AI storm Co., Ltd. (TSE:3719) agreed to acquire Nihon Telesystem ,Inc from Hiroki Asada for ¥550 million.",agreement,False,,none,
311886824.0,2015,2015-09-15,Messer Hungarogáz Kft.,Air Liquide Eastern Europe S.A.,Seller,Messer Hungarogáz Kft. signed a purchase contract to acquire Air Liquide Hungary Ipari Gaztermelo Korlatolt Felelossegu Tarsasag from Air Liquide Eastern Europe S.A.,other,False,,none,
1760660964.0,2021,2021-12-05,Modon Holding PSC,International Holding Company PJSC,Seller,Al Qudra Holding PJSC (ADX:ALQUDRA) agreed to acquire Al Tamouh Investments LLC from International Holding Company PJSC (ADX:IHC).,agreement,False,,none,337385
1980977870.0,2026,2026-01-27,"Alpha AI Co.,Ltd.",,Transaction,"Alpha AI Co.,Ltd. (KOSDAQ:A043100) agreed to acquire 8.07% stake in NZW Inc. for KRW 5.5 billion.",agreement,False,,none,
1959928622.0,2025,2025-09-08,Hydreight Technologies Inc.,Hydreight Technologies Inc.,Buyer,Hydreight Technologies Inc. (TSXV:NURS) signed a letter of intent to acquire Dynamic IV Therapy Support AI Agent OF Auxano One LLC for $0.73 million.,definitive_agreement,False,0.73,for-pattern,355759
1853356974.0,2023,2023-06-13,"Global Tech Industries Group, Inc.","AI Commerce Group, LLC",Target,"Global Tech Industries Group, Inc. (OTCPK:GTII) signed a non-binding and preliminary Memorandum of Understanding to acquire AI Commerce Group, LLC from AI Commerce Holdings, LLC.",definitive_agreement,False,,none,
585863877.0,2018,2018-10-06,Merrick,,Transaction,"Merrick signed a definitive agreement to acquire AI Medical Systems, GmbH for approximately CHF 2.3 billion.",definitive_agreement,False,,none,
1862145794.0,2023,2023-11-16,AI Circle Bidco Limited,AI Circle Bidco Limited,Buyer,"AI Circle Bidco Limited agreed to acquire myPOS Payments Ltd. Barry Fishley,",agreement,False,,none,
1975700654.0,2025,2025-12-26,"Semantix, Inc.",Atos Group,Seller,"Semantix, Inc. (OTCPK:STIX.F) signed a binding agreement to acquire South American operations of Atos SE (ENXTPA:ATO).",other,False,,none,200363
706271497.0,2021,2021-03-02,"Yum! Brands, Inc.","Yum! Brands, Inc.",Buyer,"Yum! Brands, Inc. (NYSE:YUM) entered into a definitive agreement to acquire Business Unit of Kvantum, Inc.",definitive_agreement,False,,none,065417
1961479826.0,2025,2025-09-22,Keensight Capital,,Transaction,Keensight Capital and the management of DECISION FOCUS ApS signed an agreement to acquire an unknown majority stake in DECISION FOCUS ApS from VIA Equity A/S and others.,other,False,,none,
1865516306.0,2023,2023-11-20,Selvas AI Inc.,,Transaction,"Selvas AI Inc. (KOSDAQ:A108860) agreed to acquire a 32% stake in MEDIANA Co.,Ltd (KOSDAQ:A041920) from Gil Mun Jong for KRW 73.22 billion.",agreement,False,,none,
1962605827.0,2025,2025-09-30,Nextech3D.AI Corporation,Eventdex LLC,Target,Nextech3D.AI Corporation (OTCPK:NEXC.F) signed a binding letter of intent to acquire Eventdex LLC for approximately $0.70 million.,definitive_agreement,False,0.7,for-pattern,
1989193539.0,2026,2026-01-27,"Alpha AI Co.,Ltd.",,Transaction,"Alpha AI Co.,Ltd. (KOSDAQ:A043100) agreed to acquire 7.33% stake in NZW Inc. for KRW 5 billion.",agreement,False,,none,
2009931684.0,2026,2026-07-08,"The OpenAI Deployment Company, LLC",Northslope Technologies Inc.,Target,"The OpenAI Deployment Company, LLC agreed to acquire Northslope Technologies Inc.",agreement,False,,none,
1674077970.0,2021,2021-07-15,International Business Machines Corporation,"Bluetab Solutions Group, S.L.",Target,International Business Machines Corporation (NYSE:IBM) entered in an agreement to acquire Bluetab Solutions Sl.,other,False,,none,
1969892038.0,2025,2025-11-10,"Kaltura, Inc.",,Transaction,"Kaltura, Inc. (NasdaqGS:KLTR) signed a definitive agreement to acquire eSelf AI.",definitive_agreement,False,26.9,for-pattern,
1762077951.0,2021,2021-12-11,"INESA (Group) Co., Ltd.","Shanghai INESA Artificial Intelligence Innovation Institute Co., Ltd.",Target,"INESA (Group) Co., Ltd. signed an agreement to acquire 43.75% stake in Shanghai INESA Artificial Intelligence Innovation Institute Co., Ltd. from INESA Intelligent Tech Inc. (SHSE:600602).",other,False,,none,
1886541935.0,2024,2024-07-02,XMachina AI Group Inc.,,Transaction,XMachina AI Group Inc. signed a letter of intent to acquire brandXchange.Agency Ltd.,letter_of_intent,False,,none,
1832710688.0,2023,2023-04-10,"Availity, L.L.C.","Olive AI, Inc.",Seller,"Availity, L.L.C. entered into a definitive agreement to acquire the utilization management solution and business unit from Olive AI, Inc.",definitive_agreement,False,,none,
1916483434.0,2025,2025-01-12,Circus SE,Fully Ventures GmbH,Target,Circus SE (XTRA:CA1) signed a term sheet to acquire Fully Ventures GmbH.,other,False,,none,
670990197.0,2020,2020-06-03,AireHealth Inc.,"BreathResearch, Inc.",Target,AireHealth Inc. reached a merger agreement to acquire Breathresearch Inc.,other,False,,none,
1976985234.0,2025,2025-12-30,Naqi Logix Inc.,Wisear SAS,Seller,Naqi Logix Inc.agreed to acquire Wisear Assets & Liabilities SAS from Wisear SAS for $ 11.77 million.,agreement,False,11.77,for-pattern,
5034826.0,2007,2007-12-12,Asian Insulators Public Company Limited,Asian Insulators Public Company Limited,Buyer,Asian Insulators Public Co. Ltd (SET: AI) agreed to acquire a 6% stake in AI Energy Company Limited from Khun Prateep Muangklang and Khun Chonlasin Worakijjanuwat for THB 15.52 million.,agreement,False,,none,270952
3309567.0,2001,2001-01-12,Autodom Limited,Webb Construction Pty Ltd.,Target,AI Limited has signed a heads of agreement to acquire the trading assets and goodwill of Webb Construction (WA) Pty Ltd. for AUD 1.92 million.,other,False,,none,
1854784631.0,2023,2023-09-05,Jurisage Inc.,CiteRight Inc.,Target,Jurisage Inc. entered into an agreement to acquire CiteRight Inc.,agreement,False,,none,
1775171706.0,2022,2022-03-18,Consolidation et Développement Gestion SAS,Cobham Limited,Seller,Consolidation et Développement Gestion SAS alongside the management team led by Pierre Rapharel signed an exclusive agreement to acquire Chelton Telecom & Microwave SA.,other,False,,none,100794
1815037515.0,2022,2022-11-12,,,Transaction,An unknown buyer executed an agreement to acquire 3.21% stake in Lentra AI Private Limited from HDFC Bank Limited (NSEI:HDFCBANK) for approximately INR 540 million.,other,False,,none,
1880429641.0,2024,2024-05-07,RenX Enterprises Corp.,,Transaction,Safe and Green Development Corporation (NasdaqCM:SGD) entered into an agreement to acquire MyVONIA for $0.25 million.,agreement,False,0.25,for-pattern,
1967291912.0,2025,2025-10-23,Aibotics Inc.,,Transaction,Aibotics Inc. (OTCPK:AIBT) signed a letter of intent to acquire NovaCore Labs.,letter_of_intent,False,,none,
212415281.0,2011,2011-05-10,"IFC Metropol, Private Equity Arm","IFC Metropol, Private Equity Arm",Buyer,"IFC Metropol, Private Equity Arm agreed to acquire Baikal International Airport from AI Airports International Ltd. (WBAG: AIN) for $3 million.",agreement,False,3.0,for-pattern,
1941473096.0,2025,2025-04-30,SuperX AI Technology Limited,,Transaction,Junee Limited (NasdaqCM:JUNE) agreed to acquire remaining 49% stake in MindEnergy AI Technology Pte. Ltd. from Ma Chao for SGD 12.6 million.,agreement,False,,none,
1976276844.0,2025,2025-12-24,"Agent AI Co.,Ltd.","Agent AI Co.,Ltd.",Buyer,"Agent AI Co.,Ltd. (KOSDAQ:A060900) agreed to acquire 99.18% stake in Needs Games Inc. for KRW 4 billion.",agreement,False,,none,286660
2007110220.0,2026,2026-06-18,"Cha AI Healthcare Co., Ltd.","Cha AI Healthcare Co., Ltd.",Buyer,"Cha AI Healthcare Co., Ltd. (KOSE:A025620) agreed to acquire an additional 8.07% stake in Kakao Healthcare Co., Ltd. from CHA CARES Co., Ltd for KRW 15.0 billion.",agreement,False,,none,208946
2074657.0,1999,1999-09-02,,Computer Discount Depot Inc.,Target,Announced Merger/Acquisition Transaction - Target: Computer Discount Depot Inc.; Seller(s): Applied Innovations Group Inc.,letter_of_intent,False,,none,
693937504.0,2020,2020-09-24,"Executive 1 Holding Company,LLC","Y Combinator Management, LLC",Seller,"Executive 1 Holding Company signed a definitive stock purchase agreement to acquire Plasticity, Inc.",other,False,,none,
590038358.0,2018,2018-11-02,"CounterFlow AI, Inc.","CounterFlow AI, Inc.",Buyer,"CounterFlow AI, Inc. entered into an agreement to acquire Pandion Network Traffic Recording Product Line from Napatech A/S (OB:NAPA).",agreement,False,,none,
1824496079.0,2023,2023-02-02,"Standard Cognition, Corp.","Standard Cognition, Corp.",Buyer,"Standard Cognition, Corp. signed a definitive agreement to acquire GoSkip, Inc.",definitive_agreement,False,,none,
1944496234.0,2025,2025-05-21,"BMP AI Technologies, Inc.","BMP AI Technologies, Inc.",Buyer,"Neuralbase AI Ltd. (OTCPK:NBBI) entered into an Asset Purchase Agreement to acquire all right, title, and interest in and the BMP AI business from Vighnesh Dabole for £0.78 million.",other,False,,none,147411
569075269.0,2018,2018-05-31,AI Media Holdings (NMT) LLC,Nextel Holdings S.à r.l.,Target,AI Media Holdings (NMT) LLC offered to acquire 30% stake in Nextel Holdings S.à r.l. from AINMT Holding AB for $75 million.,proposal,False,75.0,for-pattern,
1909781002.0,2024,2024-05-22,Snowflake Inc.,"AI Observability Platform of Truera, Inc.",Target,"Snowflake Inc. (NYSE:SNOW) entered into a definitive agreement to acquire AI Observability Platform of Truera, Inc.",definitive_agreement,False,,none,
710088807.0,2021,2021-04-01,Hexagon AB (publ),,Transaction,Hexagon AB (publ) (OM:HEXA B) agree to acquire CADLM,other,False,,none,
1888510146.0,2024,2024-07-22,Accenture Holding GmbH & Co. KG; Accenture plc,,Transaction,Accenture Holding GmbH & Co. KG agreed to acquire CAMELOT Management Consultants AG.,agreement,False,,none,
652520938.0,2019,2019-12-11,KCS Trade Ltd; Meister Private Equity,Polaris Office Corp.,Target,"KCS Trading Co., Ltd. and Meister Private Equity signed a stock transfer agreement to acquire 24.9% stake in Infraware, Inc. (KOSDAQ:A041020) from Selvas AI Inc. (KOSDAQ:A108860) and Young Kwak for KRW 20.9 billion.",other,False,,none,274424
1825498348.0,2023,2023-02-11,Abu Dhabi Exports Office,Abu Dhabi Exports Office,Buyer,"Abu Dhabi Exports Office entered into an agreement to acquire Analytical platform, main data centre, backup data centre and national cloud platform for AED 330 million.",agreement,False,,none,
1951035309.0,2025,2025-06-27,Alset AI Ventures Inc.,Cedarcross International Technologies Inc.,Target,Alset AI Ventures Inc. (TSXV:GPUS) entered into a definitive share exchange agreement to acquire the remaining 25% stake in Cedarcross International Technologies Inc. for CAD 0.6 million.,other,False,,none,
1781307072.0,2022,2022-05-02,DZS Inc.,"Core Assets of Adaptive Spectrum and Signal Alignment, Inc.",Target,"DZS Inc. (NasdaqCM:DZSI) entered into a definitive agreement to acquire Core Assets of Adaptive Spectrum and Signal Alignment, Inc.",definitive_agreement,False,,none,
111538586.0,2010,2010-05-11,L'Air Liquide S.A.,L'Air Liquide S.A.,Buyer,L'Air Liquide SA (ENXTPA: AI) agreed to acquire Oberhausen syngas plant of OXEA GmbH.,agreement,False,,none,101202
1949705544.0,2025,2025-06-23,Femina Infrastructures Private Limited,Femina Infrastructures Private Limited,Buyer,Femina Infrastructures Private Limited agreed to acquire Zenith Commotrade Private Limited.,agreement,False,,none,
2001585376.0,2026,2026-05-20,"Wellgistics Health, Inc.","Tollo Health, Inc",Target,"Wellgistics Health, Inc. (NasdaqCM:WGRX) has entered into a binding term sheet to acquire a controlling stake in Tollo Health, Inc.",definitive_agreement,False,,none,
1684937131.0,2021,2021-10-11,Accenture plc,,Transaction,Accenture plc (NYSE:ACN) entered into an agreement to acquire BRIDGEi2i Analytics Solutions Private Limited.,agreement,False,,none,
1869025455.0,2024,2024-01-09,AI Dream (HK) Limited,Citicoil Incorporated (M) Sdn Bhd,Target,AI DREAM (HK) LIMITED agreed to acquire 80% stake in Kaiserkorp Corporation Sdn. Bhd. from BOLD APPROACH SDN BHD and Yeoh Jin Hoe for MYR420 million.,agreement,False,,none,
1872635715.0,2024,2024-02-23,,,Transaction,"An undisclosed buyer entered into a a sale and purchase agreement to acquire 51% stake in Handshake Networking Ltd from Guardforce AI Co., Limited (NasdaqCM:GFAI) for HKD 510.",other,False,,none,
1936459027.0,2025,2025-03-26,"AI,Inc.",,Transaction,"AI,Inc. (TSE:4388) signed Share Transfer Agreement to acquire Lapis Live Co., Ltd. from Takahito Araki.",other,False,,none,
1879611886.0,2024,2024-05-01,Quest Diagnostics Incorporated,Quest Diagnostics Incorporated,Buyer,Quest Diagnostics Incorporated (NYSE:DGX) agreed to acquire Select assets of PathAI Diagnostics.,agreement,False,,none,064166
1759552763.0,2021,2021-11-24,African Rainbow Capital Proprietary Limited; Ethos Private Equity,,Transaction,"African Rainbow Capital Proprietary Limited, Ethos Mid Market Fund I, Ethos Artificial Intelligence Fund I, managed by Ethos Private Equity signed an agreement to acquire Crossfin Technology Holdings.",other,False,,none,
1888821580.0,2024,2024-07-24,AI Mindbot Equity Union; Lux Fund; Proxima Alpha Fund,,Transaction,"AI Mindbot Equity, Proxima Alpha Fund and Lux Fund agreed to acquire 27.25% stake in Xcure Corp. (KOSDAQ:A070300) from Daegwang Healthcare Co., Ltd. for KRW 24.0 billion.",agreement,False,,none,
1954558866.0,2025,2025-07-24,Hold Me Ltd,,Transaction,Hold Me Ltd (OTCPK:HMEL.F) signed a letter of intent to acquire Synthetic Darwin LLC.,definitive_agreement,False,,none,
1957236975.0,2025,2025-08-18,SRx Health Solutions Inc.,Assets of Royal Uranium Inc.,Target,SRx Health Solutions Inc. (NYSEAM:SRXH) signed a non-binding Letter of Intent to acquire Assets of Royal Uranium Inc.,definitive_agreement,False,,none,
711438176.0,2021,2021-04-15,International Business Machines Corporation,myInvenio S.r.l.,Target,International Business Machines Corporation (NYSE:IBM) signed a definitive agreement to acquire myInvenio S.r.l.,definitive_agreement,False,,none,
699636335.0,2020,2020-12-28,,Stella X Public Company Limited,Seller,"Suntaree Jettananukroh agreed to acquire 25% stake in Artificial Intelligence International Co., Ltd. from Nusasiri Public Company Limited (SET:NUSA) for THB 0.5 million.",agreement,False,,none,203979
1991661917.0,2026,2026-03-16,EG Danmark A/S,Volue Technology AS,Seller,EG Danmark A/S entered into an agreement to acquire CUBIT AS from a group of shareholders.,agreement,False,,none,274340
1885831352.0,2024,2024-06-27,TPG Inc.,Altimetrik Corp.,Target,TPG Inc. (NasdaqGS:TPG) signed a definitive agreement to acquire an unknown majority stake in Altimetrik Corp.,definitive_agreement,False,,none,
642965867.0,2019,2019-10-28,Crediauto LLC,AI Causa LLC,Seller,Crediauto LLC entered into a Purchase Agreement to acquire portfolio of automotive loan receivables from AI Causa LLC for $3.3 million.,other,False,3.3,for-pattern,
1899535612.0,2024,2024-10-01,"JAPAN AI, Inc.","Socialwire Co., Ltd.",Seller,"JAPAN AI, Inc. agreed to acquire Transmart Inc. from Socialwire Co., Ltd. (TSE:3929) for ¥32.5 million.",agreement,False,,none,321012
1881598671.0,2024,2024-05-21,ARway Corporation,"Map Dynamics, LLC",Target,"ARway Corporation (CNSX:ARWY) agreed to acquire Map Dynamics, LLC from Nextech3D.AI Corporation (OTCPK:NEXC.F) for CAD 1 million.",agreement,False,,none,
1890648247.0,2024,2024-08-05,Being AI Limited,,Transaction,Being AI Limited (NZSE:BAI) agreed to acquire 50% stake in Spectrum Consulting Limited from senior management team of Spectrum for NZD 3.3 million.,agreement,False,,none,
1872063887.0,2024,2024-02-16,"AI Tech Fund; Asset Plus Fund; Benex Investment; FSN Co., Ltd.",Hyper Corporation Inc.,Target,"FSN Co., Ltd. (KOSDAQ:A214270), AI Tech Fund, Asset Plus Fund and Open Innovation Fund managed by Benex Investment agreed to acquire a 22.4% stake in Medifron DBT Co., Ltd. (KOSDAQ:A065650) from Hansung Cleantech Co., Ltd. (KOSDAQ:A066980) and T Scientific Co.,Ltd. (KOSDAQ:A057680) for KRW21.7 billion.",agreement,False,,none,275816
1672883085.0,2021,2021-06-29,Xebia Nederland B.V.,Xebia Nederland B.V.,Buyer,Xebia Nederland B.V. signed definitive agreement to acquire Oblivion B.V.,definitive_agreement,False,,none,
1930800364.0,2025,2025-02-10,"Atreides Management, LP; Baron Capital Group, Inc.; Eight Partners VC, LLC; Emmanuel Capital Management, LLC; Valor Management LLC; Vy Capital; X.AI LLC",X.AI LLC,Buyer,"A consortium of investors including X.AI Corp., Baron Capital Group, Inc., Valor Management LLC, Vy Fund Iii L.P. managed by Vy Capital, Emmanuel Capital Management, Atreides Management, LP and 8VC submitted a bid to acquire all assets of OpenAI, L.L.C. for $97.4 billion.",proposal,False,97400.0,for-pattern,
1782687019.0,2022,2022-05-12,Fobi AI Inc.,"Certain Intellectual Properties and Assets in Basket of Basket Savings, Inc.",Target,Fobi AI Inc. (TSXV:FOBI) entered into a letter of intent to acquire Certain Intellectual Properties and Assets in Basket from Grocery Shopping Labs Inc.,definitive_agreement,False,,none,
1984126970.0,2026,2026-01-26,"Fidel Technologies, Inc.",IM Corporation,Target,"Fidel Technologies, Inc. agreed to acquire an unknown majority stake in IM Co. Ltd for ¥2.36million.",agreement,False,,none,
2183847.0,2003,2003-11-03,,Autodom Limited,Seller,Announced Merger/Acquisition Transaction - Target: Australasian Copper Technologies Pty Ltd.; Seller(s): A.I. Ltd.; Transaction Size: $1.42 mm,other,False,2.0,max-fallback,247367
1834963211.0,2023,2023-04-25,Generative AI Solutions Corp.,,Transaction,Generative AI Solutions Corp. (CNSX:AICO) entered into a non-binding letter of intent to acquire Global AI Billing Corp for $5.2 million.,proposal,False,5.2,for-pattern,
1897512111.0,2024,2024-09-12,TD SYNNEX Corporation,TD SYNNEX Corporation,Buyer,TD SYNNEX Corporation (NYSE:SNX) entered into an agreement to acquire Cloud Migration business from IPSense.,agreement,False,,none,156155
2000660394.0,2026,2026-05-12,Nebius Group N.V.,Clarifai patent portfolio,Target,"Nebius Group N.V. (NasdaqGS:NBIS) agreed to acquire Clarifai patent portfolio from Clarifai, Inc.",agreement,False,,none,
1843849216.0,2023,2023-06-16,XMachina AI Group Inc.,Project Z Technologies Inc.,Target,XMachina AI Group Inc. signed a Share Purchase Agreement to acquire Project Z Technologies Inc.,other,False,,none,
1820772759.0,2023,2023-01-04,"Semantix, Inc.","Semantix, Inc.",Buyer,"Semantix, Inc. (NasdaqGM:STIX) entered into an agreement to acquire Elemeno AI from Lucas Bonatto Miguel.",agreement,False,,none,037951
278166848.0,2014,2014-11-03,Xenemetrix LTD.,"Austin AI, Inc.",Target,"Xenemetrix LTD. signed a letter of intent to acquire Austin Automation and Instrumentation, Inc. for CAD 0.45 million.",definitive_agreement,False,,none,
1905883576.0,2024,2024-11-26,NTT DATA Business Solutions APAC,Niveus Solutions Pvt. Ltd,Target,NTT DATA Business Solutions APAC agreed to acquire Niveus Solutions Private Ltd.,agreement,False,,none,
1912026581.0,2024,2024-12-07,"Hunan Meihu Intelligent Manufacturing Co., Ltd.",,Transaction,"Hunan Oil Pump Co., Ltd. (SHSE:603319) agreed to acquire 5% stake in Longway.AI from Xu Jingxian for CNY 0.47 million.",agreement,False,,none,
1828590499.0,2023,2023-03-05,Computer Age Management Services Limited,Think Analytics India Private Limited,Target,Computer Age Management Services Limited (BSE:543232) agreed to acquire 55.42% stake in Think Analytics India Private Limited.,agreement,False,,none,
695828200.0,2020,2020-11-23,Aerodyne Systems Sdn. Bhd.,Aerodyne Systems Sdn. Bhd.,Buyer,Aerodyne Systems Sdn. Bhd. has signed an agreement to acquire principle stake in Sensorem.,other,False,,none,
1884134155.0,2024,2024-06-05,New World Solutions Inc.,New World Solutions Inc.,Buyer,New World Solutions Inc. (CNSX:NEWS) agreed to acquire Panyo AI Technologies Inc for CAD 0.4 million.,agreement,False,,none,034408
1953359911.0,2025,2025-07-14,"Cognition AI, Inc.",Greenoaks Capital Partners LLC,Seller,"Cognition AI, Inc signed a definitive agreement to acquire Exafunction, Inc. from Greenoaks Capital Partners LLC, Rackhouse Venture Management LP, Kleiner Perkins Caufield & Byers, General Catalyst Group Management, LLC and AIX Ventures.",definitive_agreement,False,,none,
1837435320.0,2023,2023-04-25,International Business Machines Corporation,,Transaction,"International Business Machines Corporation (NYSE:IBM) acquired Uptake Technologies, Inc.",other,False,226.0,max-fallback,
613273682.0,2019,2019-05-13,Luokung Technology Corp.,,Transaction,Luokung Technology Corp. (NasdaqCM:LKCO) entered into an agreement to acquire 67.36% stake in Beijing BotBrain AI Technology Ltd and BOTBRAIN AI LIMITED for CNY 53.8 million.,agreement,False,,none,
1997734644.0,2026,2026-04-24,PIUM Investment,PIUM Investment,Buyer,"Pium AI Future Healthcare Fund managed by PIUM Investment agreed to acquire an additional 43.53% stake in Cha Healthcare Operation Co., Ltd from Chabiotech Co.,Ltd. (KOSDAQ:A085660) for approximately KRW 200 billion.",agreement,False,,none,
1988678011.0,2026,2026-03-05,MTT Group Holdings Limited,MTT Group Holdings Limited,Buyer,"MTT Group Holdings Limited (SEHK:2350) signed a letter of intent to acquire Tsingzhan International AI Co., Limited.",letter_of_intent,False,,none,354473
717016575.0,2021,2021-06-01,"Prove Identity, Inc.","Prove Identity, Inc.",Buyer,"Payfone, Inc. agreed to acquire UnifyID, Inc. from New Enterprise Associates, Inc., Andreessen Horowitz LLC and Stanford-StartX Fund managed by StartX and Stanford University, Endowment Arm.",agreement,False,,none,
644043559.0,2019,2019-11-12,Revive Therapeutics Ltd.,Datametrex AI Limited,Seller,Revive Therapeutics Ltd. (CNSX:RVV) entered into a letter of intent to acquire GreenInsightz Limited from Datametrex AI Limited (TSXV:DM).,definitive_agreement,False,,none,032215
1945917251.0,2025,2025-05-30,"Yatiri Bio, Inc.","Yatiri Bio, Inc.",Buyer,"Yatiri Bio, Inc. agreed to acquire CLIA Lab, Disease Proteome AI Platform and Research Services Business of NGeneBioAI, Inc for KRW 1.9 billion.",agreement,False,,none,
652562861.0,2019,2019-12-11,Selvas AI Inc.,"SELVAS Healthcare, Inc.",Target,"Selvas AI Inc. (KOSDAQ:A108860) agreed to acquire additional 15.3% in SELVAS Healthcare, Inc. (KOSDAQ:A208370) for KRW 4.5 billion.",agreement,False,,none,322011
1994488672.0,2026,2026-04-13,EKF Diagnostics Holdings plc,Technology assets of Beep Insights AB,Target,EKF Diagnostics Holdings plc (AIM:EKF) signed an asset purchase agreement to acquire Technology assets from Beep Insights AB.,other,False,,none,
588449522.0,2018,2018-10-16,Play Labs LLC,,Transaction,"Play Labs agreed to acquire Boston AI INC. from Jungseok Kang, Taewon Shin and Yilun Zhu for KRW 14 billion.",agreement,False,,none,
1838052883.0,2023,2023-05-15,Liverpool Partners Group,Simply AI Pty Ltd,Target,Liverpool Partners Group agreed to acquire majority stake in Simply AI.,agreement,False,,none,
1936597539.0,2025,2025-03-27,Publicis Canada Inc.,,Transaction,Publicis Canada Inc.  entered into a definitive agreement to acquire MoovAI Technologies Inc.,definitive_agreement,False,,none,
1786314614.0,2022,2022-06-08,Renesas Electronics Corporation,Reality Analytics LLC,Target,"Renesas Electronics Corporation (TSE:6723) entered into a definitive agreement to acquire Reality Analytics, Inc.",definitive_agreement,False,,none,
433841130.0,2017,2017-06-10,"Sichuan Changhong Electronic Holding Group Co., Ltd.",,Transaction,"Sichuan Changhong Electronics Holdings Group Co., Ltd. agreed to acquire 80% stake in Sichuan AI-Link Technology Co., Ltd. from Sichuan Changhong Devices Technology Co., Ltd and Sichuan Changhong Electric Co., Ltd. (SHSE:600839) for CNY 65.1 million.",agreement,False,,none,
2000238267.0,2025,2025-11-13,"Cisco Systems, Inc.",NeuralFabric Corp.,Target,"Cisco Systems, Inc. (NasdaqGS:CSCO) signed a letter of intent to acquire NeuralFabric Corp.",letter_of_intent,False,,none,
5814457.0,2008,2008-02-11,L'Air Liquide S.A.,L'Air Liquide S.A.,Buyer,L'Air Liquide SA (ENXTPA: AI) agreed to acquire Pure Helium.,agreement,False,20.0,max-fallback,101202
693451840.0,2020,2020-10-29,Intel Corporation,DCVC,Seller,"Intel Corporation (NasdaqGS:INTC) entered into an agreement to acquire SigOpt, Inc. from Blumberg Capital, L.L.C. and others.",agreement,False,,none,
1861054719.0,2023,2023-11-02,Sony Interactive Entertainment LLC,Sony Interactive Entertainment LLC,Buyer,Sony Interactive Entertainment LLC entered into an agreement to acquire iSIZE Limited.,agreement,False,,none,
1800442191.0,2022,2022-09-13,"Guardforce AI Co., Limited","Guardforce AI Co., Limited",Buyer,"Guardforce AI Co., Limited (NasdaqCM:GFAI) signed a letter of intent to acquire Shenzhen Kewei Robot Technology Co., Limited from Shenzhen Intelligent Guardforce Robot Technology Co., Ltd.",letter_of_intent,False,,none,039434
1821170731.0,2023,2023-01-04,Snowflake Inc.,Myst AI Inc.,Target,"Snowflake Inc. (NYSE:SNOW) entered into a letter of intent to acquire Myst AI Inc. from Gradient Ventures and Valo Ventures, LLC.",letter_of_intent,False,,none,
1982133464.0,2026,2026-02-02,BodyCor Inc,BodyCor Inc,Buyer,BodyCor Inc. entered into a binding Letter of Intent to acquire 60% stake in Ding Easy AI LLC from Daniel Sanders for $9 million.,letter_of_intent,False,9.0,for-pattern,
694521187.0,2020,2020-11-10,Sumitomo Mitsui Banking Corporation,Sumitomo Mitsui Banking Corporation,Buyer,Sumitomo Mitsui Banking Corporation agreed to acquire an additional 20% stake in Alternative Investment Capital Limited from Mitsubishi Corporation (TSE:8058).,agreement,False,,none,296946
1937125893.0,2025,2025-04-01,Datametrex AI Limited,Datametrex AI Limited,Buyer,Datametrex AI Limited (TSXV:DM) signed a letter of intent to acquire Arbutus Health and Wellness Inc. for CAD 1.1 million.,definitive_agreement,False,,none,032215
1759625952.0,2021,2021-11-24,"Guardforce AI Co., Limited",Macau GF Robotics Limited,Target,"Guardforce AI Co., Limited (NasdaqCM:GFAI) entered into a Transfer Agreement to acquire Macau GF Robotics Limited.",other,False,,none,
1876575898.0,2024,2024-03-27,CrowdWorks Inc.,AI tech Inc.,Target,"CrowdWorks Inc. (TSE:3900) share exchange agreement to acquire AI tech Inc. from Ryoichiro Hata, Hiroaki Shirota and Shogo Mizushima for ¥300 million.",other,False,,none,
2025808.0,2002,2002-04-08,AI-Asia,AI-Asia,Buyer,Announced Merger/Acquisition Transaction - Target: Kangrun Jia Yuan Technology Ltd.; Buyer(s): AI-Asia,other,False,,none,
1955363400.0,2025,2025-07-31,,Relief AI Inc.,Target,1329308 B.C. Ltd. signed a letter of intent to acquire Relief Ai Inc.,definitive_agreement,False,,none,
1684317554.0,2021,2021-10-04,AI Zenith (Netherlands) BV,,Transaction,AI Zenith (Netherlands) BV agreed to acquire remaining 49% stake in Prisma Medios de Pagos S.A. from Banco de Galicia y Buenos Aires S.A.U. and other shareholders.,agreement,False,,none,
4623226.0,2006,2006-07-28,New'Arch,New'Arch,Buyer,New’Arch AI agreed to acquire the remaining 35% in New’Arch CS in cash.,agreement,False,,none,
3568050.0,2007,2007-02-21,L'Air Liquide S.A.,,Transaction,L'Air Liquide SA (ENXTPA: AI) entered into an agreement to acquire the remaining 50% stake in Singapore Oxygen Air Liquide Pte Ltd from BOC Group plc.,agreement,False,,none,
627304179.0,2019,2019-07-02,"Horizons Holdings International, Corp.",,Transaction,"Horizons Holdings International, Corp. (OTCPK:HZHI) acquired Pai-Tech Artificial Intelligence, LTD.",agreement,False,9.2,for-pattern,
1680462486.0,2021,2021-09-07,Pearson plc,Pearson plc,Buyer,Pearson plc agreed to acquire Faethm AI.,agreement,False,,none,100572
1771984314.0,2021,2021-12-19,,"AI Infinity Co., Ltd.",Target,"MTI Ltd. (TSE:9438) agree to acquire an additional stake in AI Infinity Co., Ltd. on December 18, 2021",other,False,,none,
1759596572.0,2021,2021-11-19,"Guardforce AI Co., Limited",,Transaction,"Guardforce AI Co., Limited (NasdaqCM:GFAI) entered into a Transfer Agreement to acquire GF Robotics Malaysia Sdn. Bhd.",other,False,,none,
1885094167.0,2024,2024-06-18,"AI Maverick Intel, Inc.",Stronghold Media Group Limited,Seller,Bionoid Pharma Inc. (OTCPK:BINP) signed a letter of intent to acquire AI Maverick Intel from Stronghold Media Group Limited.,definitive_agreement,False,,none,
1882127709.0,2024,2024-05-20,Cetta,Cetta,Buyer,Cetta agreed to acquire an unknown minority stake in EAS-AI Pte. Ltd.,agreement,False,,none,
1966333637.0,2025,2025-10-16,Smart Reporting GmbH,,Transaction,Smart Reporting GmbH agreed to acquire Fluency for Imaging (FFI).,agreement,False,,none,
1993061341.0,2026,2026-03-03,Harvey AI Corporation,"Lume AI, Inc.",Target,"Harvey AI Corporation agreed to acquire Lume AI, Inc.",agreement,False,,none,
2779625.0,2006,2006-03-22,Atlantic Intelligence,BD Consultants,Target,Atlantic Intelligence entered into an agreement to acquire BD Consultants.,agreement,False,,none,
1675504174.0,2021,2021-07-28,Shield AI Inc.,"Martin UAV, LLC",Target,"Shield AI Inc signed a definitive agreement to acquire Martin UAV, LLC.",definitive_agreement,False,,none,
1864683690.0,2023,2023-12-12,Xalles Holdings Inc.,Fluid Tech Inc.,Target,Xalles Holdings Inc. (OTCPK:XALL) agreed to acquire Fluid Tech Inc.,agreement,False,,none,
139159569.0,2010,2010-01-22,,,Transaction,Local authorities of Bydgoszcz agreed to acquire 48.98% stake in Port Lotniczy Bydgoszcz Spólka Akcyjna from AI Airports International Ltd. for €3.9 million.,agreement,False,,none,
2074108.0,2004,2004-04-21,"LifeMasters Supported SelfCare, Inc.","Medical Scientists, Inc.",Target,"Announced Merger/Acquisition Transaction - Target: Medical Scientists Inc.; Buyer(s): LifeMasters Supported SelfCare, Inc.",other,False,,none,
1937057021.0,2025,2025-03-31,,Channel VAS DMCC,Target,"An undisclosed existing shareholder agreed to acquire an additional 13% stake in Channel VAS DMCC from Ethos Private Equity Fund VII, Ethos AI Fund I and Ethos Fund VI  managed by  Ethos Private Equity for $7.3 million.",agreement,False,7.3,for-pattern,
677233499.0,2020,2020-07-15,"Core Scientific, Inc.",Atrio Inc.,Seller,"Core Scientific, Inc agreed to acquire certain assets and technology from Atrio Inc.",agreement,False,1.2,max-fallback,
1974830732.0,2025,2025-12-19,Flipkart Internet Private Limited,Flipkart Internet Private Limited,Buyer,Flipkart Internet Private Limited executed definitive documents to acquire an unknown majority stake in Minivet AI Labs Private Limited.,other,False,,none,
2009360121.0,2026,2026-06-30,Quantum International Holdings Limited,"Cashback, Custard, and Custard mobile app",Target,"Quantum International Holdings Limited agreed to acquire Cashback, Custard, and Custard mobile app from Submission Technology Limited.",agreement,False,,none,
1961471243.0,2025,2025-09-19,AI CROSS Inc.,,Transaction,"AI CROSS Inc. (TSE:4476) agreed to acquire Lowp Co., Ltd. for Muneyoshi Nakanishi.",agreement,False,,none,
1934714711.0,2025,2025-03-10,Architectix Limited,INNO Metal Studs Corp/Inno AI Tech Corp.,Target,Architectix Limited entered into a share purchase agreement to acquire INNO Metal Studs Corp and Inno AI Tech Corp. from Inno Holdings Inc. (NasdaqCM:INHD) for $0.001 million.,other,False,0.001,for-pattern,
4646481.0,2007,2007-06-26,ITX Corporation,Telos Japan Corporation,Target,ITX Corp. (OSE: 2725) signed an agreement to acquire 66.7% stake in Telos Japan Corporation for a purchase price of ¥1.28 billion.,agreement,False,,none,
648992964.0,2019,2019-12-23,"Frélii, Inc.",,Transaction,"Frélii, Inc. (OTCPK:FRLI) entered into share purchase agreement to acquire 25% shares of Genecor AI Inc. for $0.94 million from Helix Investment Partners LLC.",other,False,0.94,for-pattern,
1939811643.0,2025,2025-04-15,LitmusWorld Marketing Technologies Pvt Ltd,Piquor Technologies Pvt Ltd,Target,Litmus World Marketing Technologies Private Limited agreed to acquire RepUp.,agreement,False,,none,
1968619444.0,2025,2025-10-30,,Room40 AI Inc.,Target,An undisclosed buyer signed a definitive agreement to acquire Room 40 AI Inc for $2 million.,definitive_agreement,False,2.0,for-pattern,
1786491800.0,2022,2022-04-29,XMachina AI Group Inc.,XMachina AI Group Inc.,Buyer,XMachina-AI Inc. has acquired VONalytics Inc.,agreement,False,,none,
1936593726.0,2025,2025-01-18,"Perplexity AI, Inc.",,Transaction,"Perplexity AI, Inc. submitted a bid to acquire U.S. Assets of Tiktok Inc.",proposal,False,,none,
1931474204.0,2025,2025-02-14,"Nexscient, Inc.",,Transaction,"Nexscient, Inc. (OTCPK:NXNT) entered into a definitive agreement to acquire AI Media Toolkit of i2 Analytics, Inc. for $0.37 million.",definitive_agreement,False,0.37,for-pattern,
1989433730.0,2026,2026-03-10,"Meta Platforms, Inc.",Moltbook,Target,"Meta Platforms, Inc. (NasdaqGS:META) agreed to acquire Moltbook.",agreement,False,,none,
1909900522.0,2019,2019-12-31,Tieke Intelligence,,Transaction,"Tieke Intelligence agreed to acquire an unknown minority stake in Nuobikan Artificial Intelligence Technology (Chengdu) Co., Ltd from Liao Yu and Chengdu Tieke Chuangzhi Enterprise Management Partnership Enterprise (Limited Partnership).",agreement,False,,none,
4646397.0,2007,2007-06-26,ITX Corporation,ITX Corporation,Buyer,ITX Corp. signed an agreement to acquire 89.5% stake in AI-medic Corporation for a purchase price of ¥1.55 billion.,agreement,False,,none,250453
696916715.0,2020,2020-12-03,"ICARO Media Group; ICARO Media Group, Inc.",ICARO Media Group,Buyer,ICARO Media Group has entered into a definitive agreement to acquire Highground Ontario Inc. for $30 million.,definitive_agreement,False,30.0,for-pattern,
281120789.0,2015,2015-01-05,"Meta Platforms, Inc.",SV Angel,Seller,"Facebook, Inc. (NasdaqGS:FB) agreed to acquire Wit.AI, Inc. from Y Combinator, Alven Capital Partners, Ignition Partners, Inventures Group, TenOneTen Ventures and other shareholders.",agreement,False,,none,
704018536.0,2021,2021-02-09,"Setopia Co., Ltd.",,Transaction,"Midas AI Co.,Ltd. (KOSDAQ:A222810) entered into transfer agreement to acquire 51% stake in Melrose Facility Management, LLC from M PLANT, Inc. for KRW 3 million.",other,False,,none,
1960138983.0,2025,2025-09-10,Kaixin Holdings,Kaixin Holdings,Buyer,Kaixin Holdings (NasdaqCM:KXIN) signed a term sheet to acquire 55% stake in XINGCAN.,other,False,,none,035153
1881608800.0,2024,2024-05-21,"Maum.AI, Inc.",,Transaction,"Maum.AI, Inc. (KOSDAQ:A377480) agreed to acquire Manned Unmanned from Choi Hong-seop, Cotton Gins and FuturePlay Inc.",agreement,False,,none,
1956515364.0,2025,2025-08-12,"Perplexity AI, Inc.",Alphabet Inc.,Seller,"Perplexity AI, Inc. proposed to acquire Google chrome browser of Alphabet Inc for $34.5 billion.",proposal,False,34500.0,for-pattern,160329
1967792721.0,2025,2025-10-28,Kaixin Holdings,Honglu Technology,Target,Kaixin Holdings (NasdaqCM:KXIN) signed a term sheet to acquire 51% stake in Honglu Technology.,other,False,,none,
2006295887.0,2026,2026-06-16,"Databricks, Inc.",,Transaction,"Databricks, Inc. signed a letter of intent to acquire Panther Labs, Inc.",letter_of_intent,False,,none,
1970339115.0,2025,2025-11-13,"Salesforce, Inc.",F2 Capital Ventures,Seller,"Salesforce, Inc. (NYSE:CRM) signed a definitive agreement to acquire Doti.AI Ltd.",definitive_agreement,False,,none,
665906094.0,2020,2020-04-29,Companhia Brasileira de Tecnologia para E-commerce S.A.,,Transaction,Companhia Brasileira de Tecnologia para E-commerce S.A. acquired Dlieve Tecnologia Ltda,other,False,,none,
1932366471.0,2025,2025-02-23,Sarine Technologies Ltd.,,Transaction,Sarine Technologies Ltd. (SGX:U77) signed a non-binding letter of intent term sheet to acquire an unknown majority stake in KITOV AI Ltd.,definitive_agreement,False,,none,
1946039867.0,2025,2025-06-03,PixelFox AB,PixelFox AB,Buyer,PixelFox AB (NGM:PIXEL) signed a letter of intent to acquire Smart Upsell AI.,letter_of_intent,False,,none,351120
372075112.0,2016,2016-07-06,Google LLC,Google LLC,Buyer,"Google, Inc. entered into an agreement to acquire Moodstocks SAS from Denis Brulé, Cédric Deltheil and other shareholders.",agreement,False,,none,
696491547.0,2020,2020-11-30,"ServiceNow, Inc.",Hanwha Investment Corp.,Seller,"ServiceNow, Inc. (NYSE:NOW) signed an agreement to acquire Element AI Inc. for $230 million.",other,False,230.0,for-pattern,
1911539384.0,2024,2024-12-04,"Neurotone AI, Inc.",,Transaction,"Neurotone Ai, Inc. entered into a definitive agreement to acquire Aural Rehabilitation, Inc.",definitive_agreement,False,,none,
682150040.0,2020,2020-08-05,,Imaging Biometrics Ltd.,Seller,An unknown buyer signed a letter of intent to acquire Stone Checker Software Ltd from IQ-AI Limited (LSE:IQAI).,letter_of_intent,False,,none,207815
1916064028.0,2025,2025-01-08,"AnTix Holdings, Inc.","AI Health Technologies, Inc.",Seller,"Innovative MedTech, Inc. (OTCPK:IMTH) signed an asset purchase agreement to acquire CyberHealthAI system of AI Health Technologies, Inc.",other,False,,none,
1877782410.0,2024,2024-04-10,"A1 Group, Inc.","A1 Group, Inc.",Buyer,"1 Group, Inc. (OTCPK:AWON) entered a Letter of Intent to acquire AI CPG, LLC for $5.9 million.",letter_of_intent,False,5.9,for-pattern,185392
3568219.0,2007,2007-02-21,L'Air Liquide S.A.,L'Air Liquide S.A.,Buyer,L'Air Liquide SA (ENXTPA: AI) entered into an agreement to acquire the remaining 50% stake in Vietnam Industrial Gases from BOC Group plc.,agreement,False,,none,101202
1762826839.0,2021,2021-12-29,"FiscalNote Holdings, Inc.; FiscalNote, Inc.",Aicel Technologies Inc.,Target,"FiscalNote Holdings, Inc. (NYSE:NOTE) agreed to acquire Aicel Technologies.",agreement,False,,none,
701890995.0,2021,2021-01-21,"Institutional Capital Network, Inc.",Ai Insight Inc.,Seller,"Institutional Capital Network, Inc. agreed to acquire assets of AI Insight Inc.",agreement,False,,none,
2007135648.0,2026,2026-06-22,"Bear Robotics, Inc.",,Transaction,"Bear Robotics, Inc. signed a definitive agreement to acquire Kinisi Robotics.",definitive_agreement,False,,none,
130270788.0,2010,2010-05-28,,"JH Investment Partners II, LP",Seller,"JH Investment Management II, LLC, JH Investment Partners GP Fund, LLC, JH Investment Partners II (AI), LP and JH Investment Partners II, LP sold Barmensen Labs LLC.",other,False,,none,
3568065.0,2007,2007-02-21,The BOC Group Limited,Linde HKO Limited,Target,BOC Group plc agreed to acquire the remaining 50% stake in Hong Kong Oxygen from L'Air Liquide SA (ENXTPA: AI).,agreement,False,,none,
1986785413.0,2026,2026-02-23,"Superhuman Labs, Inc.",,Transaction,"Superhuman Labs, Inc. agreed to acquire DashDash GmbH.",agreement,False,,none,
1837753519.0,2023,2023-05-10,Vopy AB (publ),,Transaction,Vopy AB (publ) agreed to acquire 20% stake in Niuton Tech AS.,agreement,False,,none,
704745822.0,2021,2021-02-16,PRAP ASIA PTE. LTD.,PRAP ASIA PTE. LTD.,Buyer,PRAP ASIA PTE. LTD. agreed to acquire 80% stake in Wild Advertising & Marketing Pte. Ltd. from YEO AI LING and LEE KAI XIN.,agreement,False,,none,
652715540.0,2020,2020-01-28,"ServiceNow, Inc.",,Transaction,"ServiceNow, Inc. (NYSE:NOW) entered into an agreement to acquire Passage AI, Inc.",agreement,False,,none,
664841958.0,2020,2020-04-20,AvenuesAI Limited,AvenuesAI Limited,Buyer,"Infibeam Avenues Limited (BSE:539807) signed a binding agreement to acquire AI Fintech, Inc for $5000.",other,False,,none,321484
1983748792.0,2026,2026-02-10,f-code Inc.,"AI ONE Co., Ltd",Target,"f-code Inc. (TSE:9211) agreed to acquire 75% stake in AI ONE Co., Ltd from Kazumasa Moriya for ¥1.2 billion.",agreement,False,,none,
1881213992.0,2023,2023-03-31,Hafnia Limited,Hafnia Limited,Buyer,Hafnia Limited (OB:HAFNI) entered into a share purchase agreement to acquire 50% stake in Complexio Limited from Simbolo Holdings Limited.,other,False,,none,330888
1940352721.0,2025,2025-04-16,"HubSpot, Inc.",Combine,Seller,"HubSpot, Inc. (NYSE:HUBS) entered into an agreement to acquire Dashworks Technologies, Inc. approximately $25 million.",agreement,False,25.0,max-fallback,
1958072370.0,2025,2025-08-21,Genxai Analytics Limited,Genxai Analytics Limited,Buyer,Genxai Analytics Private Limited acquired Logimetrix Techsolutions Private Limited and Vaikom Tech Solutions Pvt. Ltd.,other,False,,none,372448
1794118080.0,2022,2022-08-03,XMachina AI Group Inc.,XMachina AI Group Inc.,Buyer,XMachina AI Group Inc. signed a Letter of Intent to acquire Nuvoola for CAD 18 million.,letter_of_intent,False,,none,
1999110679.0,2026,2026-05-05,"Greenhouse Software, Inc.",Andreessen Horowitz LLC,Seller,"Greenhouse Software, Inc. entered into a definitive agreement to acquire Ezra AI Labs Inc.",definitive_agreement,False,,none,
1935699065.0,2025,2025-03-17,Laboro.AI Inc.,,Transaction,"Laboro.AI Inc. (TSE:5586) agreed to acquire CAGLA, Inc. from Hidetaka Hando for approximately ¥150 million.",agreement,False,,none,
658170647.0,2020,2020-03-05,Pivot Cloud Solutions,Pivot Cloud Solutions,Buyer,Pivot Cloud Solutions agreed to acquire Astra Global Services Ltd.,agreement,False,,none,
2007291789.0,2026,2026-05-22,"Quantum Solutions Co.,Ltd.",,Transaction,"Quantum Solutions Co.,Ltd. (TSE:2338) agreed to acquire remaining 50% stake in Compass Cloud AI (Japan) Co., Ltd. from Compass Cloud Technology Pte. Ltd for ¥100.",agreement,False,,none,
1866231127.0,2023,2023-12-18,PLC Resources Limited,,Transaction,SensOre Ltd (ASX:S3N) entered into an agreement to acquire 70% stake in Exploration Ventures AI PTY Ltd from Deutsche Rohstoff AG (XTRA:DR0).,agreement,False,,none,
1775513815.0,2022,2022-03-24,Aareal Bank AG,,Transaction,Aareal Bank AG (XTRA:ARL) entered into an agreement to acquire Collect Artificial Intelligence Gmbh from Otto Group Digital Solutions Gmbh.,agreement,False,,none,
3491994.0,2007,2007-02-01,Livestock Improvement Corporation Limited,Eurogene AI Services Ltd.,Target,Livestock Improvement Corp. Ltd. signed a letter of intent to acquire Eurogene AI Services Ltd.,definitive_agreement,False,,none,
1999225408.0,2026,2026-05-05,Energi.ai AS,CEMAsys.com AS,Target,Energi.ai AS agreed to acquire CEMAsys.com AS.,agreement,False,,none,
1993238525.0,2026,2026-04-02,Sony Interactive Entertainment Inc.,,Transaction,Sony Interactive Entertainment Inc. agreed to acquire Cinemersive Labs Ltd.,agreement,False,,none,
1672639851.0,2021,2021-07-01,Accenture plc,Accenture plc,Buyer,Accenture plc (NYSE:ACN) entered into an agreement to acquire Trivadis AG.,agreement,False,,none,143357
2005640354.0,2026,2026-06-11,OVH Groupe S.A.,Gladia SAS,Target,OVH Groupe S.A. (ENXTPA:OVH) entered into exclusive negotiations to acquire GladIA.,other,False,,none,
1994064787.0,2026,2026-04-06,"Advanced Media, Inc.","feat Co., Ltd.",Target,"Advanced Media, Inc. (TSE:3773) agreed to acquire feat Co., Ltd.",agreement,False,,none,
3568211.0,2007,2007-02-20,L'Air Liquide S.A.,L'Air Liquide S.A.,Buyer,L'Air Liquide SA (ENXTPA: AI) entered into an agreement to acquire additional 25% stake in Brunox from BOC Group plc.,agreement,False,,none,101202
1785160151.0,2022,2022-05-31,"Lightbeam Health Solutions, LLC","Jvion, Inc.",Seller,"Lightbeam Health Solutions, LLC entered into an asset purchase agreement to acquire Operating Assets of Jvion, Inc.",other,False,,none,
1862598232.0,2023,2023-11-22,Nova Living (M) SDN. BHD.,Nova Living (M) SDN. BHD.,Buyer,Nova Living (M) SDN. BHD. entered into an agreement AI-powered system from WEB 3.0 Sdn Bhd for $0.68 million .,agreement,False,0.68,for-pattern,
1685719530.0,2021,2021-10-20,Atos Group,Atos Group,Buyer,Atos SE (ENXTPA:ATO) agreed to acquire DataSentics.,agreement,False,,none,200363
1977590597.0,2025,2025-12-04,Riaan Ventures Pvt Ltd,Shradha AI Technologies Limited,Target,Riaan Ventures Pvt Ltd agreed to acquire 4.26% stake in Shradha AI Technologies Limited (BSE:543976) for INR 99.9 million.,agreement,False,,none,358470
1787600523.0,2022,2022-06-21,OneMeta Inc.,,Transaction,WebSafety Inc. (OTCPK:WBSI) signed a letter of intent to acquire Metalanguage Corp.,letter_of_intent,False,,none,
1997656226.0,2025,2025-12-24,Bao-Sheng Global Co. Ltd,AI-Rider Corporation,Seller,"Bao-Sheng Global Co. Ltd agreed to acquire Chang Yu Co., Ltd. from AI-Rider Corporation.",agreement,False,,none,
1833506243.0,2023,2023-04-13,CAC Corporation,Speech Analysis AI business of Empath Inc.,Target,CAC Corporation signed an business transfer agreement to acquire Speech Analysis AI business of Empath Inc.,other,False,,none,
643947082.0,2019,2019-11-12,"SiFive, Inc.",,Transaction,"SiFive, Inc. agreed to acquire Mathematical Deep Learning Cores and AI Infrastructure of Aerendir Mobile Inc.",agreement,False,,none,
4371335.0,2007,2007-06-04,AI Services,Computer Engineering & Consulting Ltd.,Seller,AI Services agreed to acquire Chiyoda Electric from Computer Engineering & Consulting.,agreement,False,,none,210556
2074671.0,1999,1999-09-02,BSM Technologies Inc.,,Transaction,Announced Merger/Acquisition Transaction - Target: Applied Innovations Group Inc.; Buyer(s): BSM Technologies Inc.; Transaction Size: $7.2 mm,other,False,7.2,max-fallback,
1969961710.0,2025,2025-11-06,Lutech S.p.A.,Lutech S.p.A.,Buyer,"Lutech S.p.A. agreed to acquire DigitSapiens from Driton Musolli, Fation Losha and Ariol Sollakuon.",agreement,False,,none,
1826382668.0,2023,2023-02-16,,,Transaction,An Unknown buyer agreed to acquire Sirma AI from Sirma Group Holding AD for €9.46 million.,agreement,False,,none,
1990859966.0,2026,2026-03-19,"Findem, Inc.","Findem, Inc.",Buyer,"Findem Inc. has entered into a definitive agreement to acquire Glider AI, Inc.",definitive_agreement,False,,none,
1828339119.0,2023,2023-03-01,Ubiquitous AI Corporation,Lightstone Corp.,Target,Ubiquitous AI Corporation (TSE:3858) entered into an agreement to acquire Lightstone Corp. from Hiroshi Nojo.,agreement,False,,none,
1954504591.0,2025,2025-07-24,eMudhra Inc,AI Cyber Forge Inc,Target,eMudhra INC agreed to acquire AI Cyber Forge Inc for $4.8 million.,agreement,False,4.8,for-pattern,
1784503478.0,2022,2022-05-24,"Cyborg Technospace Limited; CyborgTech, LLC",,Transaction,Cyborg Technospace Limited agreed to acquire Fortuna AI Labs Inc.,agreement,False,,none,
1815079465.0,2022,2022-11-14,AI/ML Innovations Inc.,AI/ML Innovations Inc.,Buyer,AI/ML Innovations Inc. (CNSX:AIML) entered into an agreement to acquire remaining 30% stake in Salu Design Group Inc.,agreement,False,,none,026785
605433561.0,2019,2019-03-01,"Defendry, LLC",Deep Science AI,Target,Pat Sullivan agreed to acquire Deep Science AI from Sean Huver and Sam Tkach.,agreement,False,,none,
1896819751.0,2024,2024-09-11,Nextech3D.AI Corporation,Assets of Designhubz Inc,Target,Nextech3D.AI Corporation (OTCPK:NEXC.F) signed a letter of intent to acquire Assets of Designhubz Inc for $0.03 million.,letter_of_intent,False,0.03,for-pattern,
2087716.0,2000,2000-05-15,"Muller AI, Inc.","Muller AI, LLC",Target,"Announced Merger/Acquisition Transaction - Target: Muller AI, LLC; Buyer(s): Muller AI, Inc.; Transaction Size: $0.25 mm",other,False,,none,
1677115950.0,2021,2021-08-11,Jones Lang LaSalle Incorporated,,Transaction,Jones Lang LaSalle Incorporated (NYSE:JLL) reached an agreement to acquire Skyline AI Ltd.,other,False,,none,
2009445226.0,2026,2026-07-07,Perpetuals.com Ltd,Alt 5 Sigma Canada Inc.,Target,Perpetuals.com Ltd (NasdaqCM:PDC) signed a letter of intent to acquire Alt 5 Sigma Canada Inc. from AI Financial Corporation (NasdaqCM:AIFC).,letter_of_intent,False,,none,
1999637394.0,2026,2026-05-07,Robo.ai Investments L.L.C.-FZ,Robo.ai Investments L.L.C.-FZ,Buyer,Robo.ai Investments L.L.C.-FZ agreed to acquire Neurovia AI Limited from Aetheron AI Limited for $100 million.,agreement,False,100.0,for-pattern,
1786391495.0,2022,2022-06-09,XMachina AI Group Inc.,XMachina AI Group Inc.,Buyer,XMachina-AI Inc. signed a non-binding letter of intent to acquire The Good Register.,proposal,False,,none,
1872446932.0,2024,2024-02-22,"Jasper AI, Inc.","Jasper AI, Inc.",Buyer,"Jasper AI, Inc entered into a agreement to acquire Init ML SAS from Stability Ai Ltd.",other,False,,none,
1847626043.0,2023,2023-04-28,BrainBox AI Inc.,ABB Inc.,Seller,BrainBox AI Inc. entered into agreement to acquire EMS Retail Division from ABB Inc.,other,False,20.0,max-fallback,
1758452095.0,2021,2021-11-15,Materialise NV,Link3D Inc.,Target,Materialise NV (NasdaqGS:MTLS) agreed to acquire Link3D Inc. from AI Capital LLC for $33.5 million.,agreement,False,33.5,for-pattern,
1897665225.0,2024,2024-09-12,Being AI Limited,Being AI Limited,Buyer,Being AI Limited (NZSE:BAI) proposed to acquire an unknown minority stake in Solution Dynamics Limited (NZSE:SDL).,proposal,False,,none,275323
1763439545.0,2022,2022-01-05,Aerodyne Systems Sdn. Bhd.,Synapse Innovation Sdn. Bhd.,Target,Aerodyne Systems Sdn. Bhd. agreed to acquire an unknown stake in Synapse Innovation Sdn. Bhd.,agreement,False,,none,
1948404343.0,2025,2025-06-17,"Nuveen, LLC",Atypical Ventures,Seller,"Nuveen, LLC agreed to acquire Skopos Labs, Inc.",agreement,False,,none,
1846661484.0,2023,2023-06-29,"AI,Inc.",Avex Inc.,Seller,"AI,Inc. (TSE:4388) agreed to acquire Coestation Co., Ltd from Toshiba Digital Solutions Corporation and Avex Inc. (TSE:7860) for ¥140 million",agreement,False,,none,224251
1901798928.0,2024,2024-10-24,Cyient Semiconductors Inc,Azimuth AI Inc.,Target,Cyient Semiconductors Inc agreed to acquire 27.30% stake in Azimuth AI Inc. for $7.2 million.,agreement,False,7.2,for-pattern,
1861201464.0,2023,2023-11-07,"Nowigence, Inc.",Stebr Inc.,Target,"Nowigence, Inc. (OTCPK:NOWG) acquired Stebr Inc.",other,False,,none,
3568225.0,2007,2007-02-21,L'Air Liquide S.A.,,Transaction,L'Air Liquide SA (ENXTPA: AI) entered into an agreement to acquire the remaining 50% stake in Eastern Industrial Gases from BOC Group plc.,agreement,False,,none,
1794067877.0,2022,2022-07-30,Zen Technologies Limited,Paladin AI Inc.,Target,Zen Technologies Limited agreed to acquire Paladin AI Inc. for CAD 0.42 million.,agreement,False,,none,
1799759046.0,2022,2022-09-05,CurveBeam AI Limited,,Transaction,"CurveBeam, LLC entered into a definitive merger agreement to acquire StraxCorp Pty Ltd.",definitive_agreement,False,,none,
700912936.0,2021,2021-01-11,RxE2 LLC,,Transaction,RxE2 agreed to acquire Habitu Ltd.,agreement,False,,none,
1976146796.0,2026,2026-01-01,Avance Technologies Limited,,Transaction,Avance Technologies Limited (BSE:512149) signed a a non-binding term sheet to acquire Pushpak AI.,proposal,False,,none,
1953681140.0,2025,2025-07-17,ONAR Holding Corporation,,Transaction,"ONAR Holding Corporation (OTCPK:ONAR) signed a definitive agreement to acquire Retina AI, Inc.",definitive_agreement,False,,none,
1863140617.0,2023,2023-11-28,Accenture plc,Accenture plc,Buyer,Accenture plc (NYSE:ACN) agreed to acquire  Ammagamma S.R.L.,agreement,False,,none,143357
1859868592.0,2023,2023-10-24,"Dama Technology, Inc.","Dama Technology, Inc.",Buyer,Dama Financial entered into an agreement to acquire Candid AI.,agreement,False,,none,
709922749.0,2021,2021-03-31,BBD Initiative Inc.,Business chat service of AI CROSS Inc.,Target,KnowledgeSuite Inc. (TSE:3999) agreed to acquire Business Chat Service from AI CROSS Inc. (TSE:4476).,agreement,False,,none,
1942002061.0,2025,2025-04-24,,WAVs AI,Target,An undisclosed buyer agreed to acquire WAVs AI.,agreement,False,,none,
704052340.0,2021,2021-02-11,"Guardforce AI Co., Limited",,Transaction,"Guardforce AI Co., Limited (OTCPK:GRDA.F) signed a purchase and sale agreement to acquire 51% stake in Logic Network Limited.",other,False,,none,
5405907.0,2008,2008-03-28,Mechel Trading AG,Mechel Trading AG,Buyer,Mechel International Holdings AG agreed to acquire Ductil Steel S.A. from L'Air Liquide SA (ENXTPA: AI) for €142 million.,agreement,False,,none,
1761335940.0,2021,2021-12-01,Arteria AI Inc.,,Transaction,Arteria AI Inc. agreed to acquire Certain financial services assets of Vanilr from Vanilr Ltd,agreement,False,,none,
1671495249.0,2021,2021-06-21,"Sighthound, Inc.","Sighthound, Inc.",Buyer,"Sighthound, Inc. entered into an agreement to acquire Boulder AI, Inc.",agreement,False,,none,
82611202.0,2008,2008-01-11,Technic France,Air Liquide Electronics Materials,Target,"Technic, Inc. agreed to acquire Alem from L'Air Liquide SA (ENXTPA: AI).",agreement,False,,none,
1873926682.0,2024,2024-02-26,CloudNET. AI,,Transaction,CloudNET. AI agreed to acquire AsiaInfo International.,agreement,False,,none,
1948408794.0,2025,2025-06-17,Nordic Semiconductor ASA,Nordic Semiconductor ASA,Buyer,Nordic Semiconductor ASA (OB:NOD) agreed to acquire Neuton.AI Inc.,agreement,False,,none,239416
263580997.0,2014,2014-05-09,Oscar Properties Holding AB (publ),,Transaction,"Oscar Properties Holding AB (publ) (OM:OP) agreed to acquire a property located in Vasastan, Stockholm from AI Pension.",agreement,False,,none,
1931242382.0,2025,2025-02-13,WOW.AI LLC,,Transaction,"Wow AI Inc. proposed to acquire Infowars, LLC.",proposal,False,3.5,max-fallback,
1846675554.0,2023,2023-07-03,"JAPAN AI, Inc.","JAPAN AI, Inc.",Buyer,"JAPAN AI, Inc. entered into an agreement to acquire AI-related business of Navier Co., Ltd.",agreement,False,,none,
1869101111.0,2024,2024-01-19,"Ovation-Worldwide Holdings, LLC",,Transaction,"Ovation-Worldwide Holdings, LLC agreed to acquire Qualibee.ai.",agreement,False,,none,
1820585939.0,2022,2022-12-27,"Equmenopolis, Inc.",AI learning data development SaaS business of Intelligent Framework Lab,Target,"Equmenopolis, Inc. agreed to acquire AI learning data development SaaS business of Intelligent Framework Lab.",agreement,False,,none,
112781725.0,2005,2005-08-16,A.I. Corporation Ltd.,Co-op Kaihatsu Co,Target,AI Corporation agreed to acquire 86.7% stake in Co-Op Kaihatsu Co. from Co-Op Chemical Co. Ltd. (TSE: 4003).,agreement,False,,none,
1771396401.0,2021,2021-12-22,"Rebellion Co., Ltd.","SK Telecom Co., Ltd.",Seller,"Sapeon Korea Inc. agreed to acquire AI Semiconductor Business of SK Telecom Co.,Ltd for KRW 31.1 billion.",agreement,False,,none,203480
703308507.0,2021,2021-02-04,"Guardforce AI Co., Limited",,Transaction,"Guardforce AI Co., Limited (OTCPK:GRDA.F) entered into a purchase and sale agreement to acquire 51% stake in Handshake Networking Ltd.",other,False,,none,
1879175939.0,2024,2024-04-25,NVIDIA Corporation,,Transaction,NVIDIA Corporation (NasdaqGS:NVDA) agreed to acquire Deci.AI Ltd. for $300 million.,agreement,False,300.0,for-pattern,
2568052.0,2003,2003-01-13,,Autodom Limited,Seller,A.I. Ltd. entered into an agreement to sell AI Weldtronics Ltd.,agreement,False,,none,247367
1783665654.0,2022,2022-05-11,Showcase Inc.,Showcase Inc.,Buyer,"Showcase Inc. (TSE:3909) agreed to acquire AI and High-Performance Chatbot Service, Sugres of Showcase Inc.",agreement,False,,none,319357
1890749462.0,2024,2024-08-08,"Gainsight, Inc.",StageOne Ventures,Seller,"Gainsight, Inc. signed a definitive agreement to acquire Staircase AI, Inc. from StageOne Ventures and Disruptive AI Venture Capital.",definitive_agreement,False,,none,
1911824973.0,2024,2024-12-06,"HubSpot, Inc.","Frame Technology, Inc.",Target,"HubSpot, Inc. (NYSE:HUBS) has signed an agreement to acquire Frame Technology, Inc.",other,False,,none,
1866224668.0,2023,2023-10-18,"B2En Co., Ltd.","B2En Co., Ltd.",Buyer,"B2En Co., Ltd. (KOSDAQ:A307870) agreed to acquire an unknown stake in Medicloud Co., Ltd. from AI Cloud Co. , Ltd for KRW 5 billion.",agreement,False,,none,329993
4614873.0,2007,2007-07-11,"SOLXYZ Co., Ltd.","SOLXYZ Co., Ltd.",Buyer,Solxyz Co Ltd entered into a definitive agreement to acquire a 19.30% stake in AI Inc for a reported deal value of JPY 32 million.,definitive_agreement,False,,none,247146
1822420879.0,2023,2023-01-18,Vedrai S.p.A.,,Transaction,Vedrai S.p.A. agreed to acquire remaining 49% stake in Premoneo S.R.L.,agreement,False,,none,
1913227458.0,2024,2024-12-17,LXT AI Inc.,LXT AI Inc.,Buyer,LXT AI Inc. signed a definitive agreement to acquire clickworker GmbH.,definitive_agreement,False,,none,
650586999.0,2020,2020-01-09,"Creditauto, LLC",AI Causa LLC,Seller,"Creditauto, LLC agreed to acquire auto loan portfolio from AI Causa LLC for $3.3 million.",agreement,False,3.3,for-pattern,
1835201694.0,2023,2023-04-21,AI CROSS Inc.,"Customer success support tool business of Subscore, Inc",Target,"AI CROSS Inc. (TSE:4476) agreed to acquire Customer success support tool business of Subscore, Inc.",agreement,False,,none,
1857022829.0,2023,2023-09-21,,,Transaction,"An unknown buyer agreed to acquire 2.94% stake in Puzzle AI Co., Ltd. for KRW 2.5 billion.",agreement,False,,none,
2030888.0,1995,1995-12-21,Permira Advisers Ltd.,AI Cambridge Limited,Target,Announced Merger/Acquisition Transaction - Target: Ai Cambridge Ltd.; Buyer(s): Permira Advisers Ltd.; Seller(s): Meggitt plc,other,False,,none,
1911489985.0,2024,2024-11-14,Healwell AI Inc.,Mutuo Health Solutions Inc.,Target,Healwell AI Inc. (TSX:AIDX) signed as agreement to acquire 51.1% stake in Mutuo Health Solutions Inc. for CAD 5.5 million.,other,False,,none,
1830945089.0,2023,2023-03-20,"SeekOne's Technologies Co., Ltd.","SeekOne's Technologies Co., Ltd.",Buyer,"SeekOne’s Technologies Co., Ltd. agreed to acquire HYOUMAN BOX Business from AI CROSS Inc.",agreement,False,,none,
609562774.0,2019,2019-03-30,Sevenseas International company,Sevenseas International company,Buyer,Sevenseas International company agreed to acquire 25% stake in EM AND AI Joint Stock Company for $0.13 million.,agreement,False,0.13,for-pattern,
1878753540.0,2024,2024-04-22,Intrusion Inc.,Intrusion Inc.,Buyer,Intrusion Inc. (NasdaqCM:INTZ) agreed to acquire an unknown minority stake in Klever AI.,agreement,False,,none,025302
571394796.0,2018,2018-06-20,Microsoft Corporation,,Transaction,Microsoft Corporation (NasdaqGS:MSFT) entered into an agreement to acquire Bonsai AI.,agreement,False,,none,
600198045.0,2019,2019-01-29,For The Earth Corp.,,Transaction,For The Earth Corp. (OTCPK:FTEG) signed a letter of intent to acquire CBD Vending Machine Division of Vliso AI Inc.,letter_of_intent,False,,none,
715546365.0,2021,2021-05-20,"Amalgam Rx, Inc.","Geetha, LLC",Seller,"Amalgam Rx, Inc. agreed to acquire Assets of Geetha, LLC.",agreement,False,,none,
1877249411.0,2024,2024-04-04,Shield AI Inc.,"Sentient Pty Ltd, Inc.",Target,"Shield AI Inc. entered into agreement to acquire Sentient Pty Ltd, Inc.",other,False,,none,
3809643.0,2001,2001-08-15,AI-Asia,AI-Asia,Buyer,"AI-Asia, a subsidiary of Hartcourt Companies, signed a memorandum of understanding to acquire Renew Logistics.",other,False,,none,
600066140.0,2019,2019-01-25,"AI,Inc.","Secual, Inc.",Target,"AI,Inc. (TSE:4388) agreed to acquire Secual, Inc.",agreement,False,,none,
1849634358.0,2023,2023-06-12,Prevas AB,Unibap Space Solutions AB (publ),Seller,Prevas AB (OM:PREV B) signed a letter of intent to acquire Unibap's industrial business in robotics and AI.,letter_of_intent,False,,none,323838
133686896.0,2007,2007-08-21,Eurazeo SE,L'Air Liquide S.A.,Target,Eurazeo acquired 3.4% stake in L'Air Liquide SA.,other,False,,none,101202
1886605054.0,2024,2024-07-02,"Guardforce AI Co., Limited; Guardforce AI Robot Service (Shenzhen) Co., Limited","InnoAI Robot Service (Shenzhen) Co., Limited",Target,"Guardforce AI Robot Service (Shenzhen) Co., Limited acquired InnoAI Robot Service (Shenzhen) Co., Limited.",other,False,,none,
1985558770.0,2026,2026-02-18,"Epic Games, Inc.","Epic Games, Inc.",Buyer,"Epic Games, Inc. agreed to acquire Meshcapade GmbH.",agreement,False,,none,
1960836561.0,2025,2025-09-16,De-Identification Inc.,De-Identification Inc.,Buyer,D-ID AI Video agreed to acquire Simpleshow Usa Corp.,agreement,False,,none,
1860155617.0,2023,2023-10-26,"Scenera, Inc.",TnM AI Co. Ltd.,Target,"Scenera, Inc. entered into an agreement to acquire TnM AI Co. Ltd.",agreement,False,,none,
1862428794.0,2022,2022-06-06,The Hoffmann Family of Companies,,Transaction,The Hoffmann Family of Companies agreed to acquire Schulte’s Bakery from AI and Alice Schulte Wehrle.,agreement,False,,none,
1817021037.0,2022,2022-12-01,Wipro Infrastructure Engineering Limited,Wipro Infrastructure Engineering Limited,Buyer,Wipro Infrastructure Engineering Limited entered into an agreement to acquire Linecraft AI Limited.,agreement,False,,none,
2000458643.0,2026,2026-05-12,Staynex Pte. Ltd.,,Transaction,Staynex Pte. Ltd. agreed to acquire Helix for an undisclosed amount,agreement,False,,none,
1903348839.0,2024,2024-11-07,Crowd Ltd.,"Noble Artificial Intelligence, Inc.",Target,"Denver Crowd Ltd. agreed to acquire Noble Artificial Intelligence, Inc..",agreement,False,,none,
1939733855.0,2025,2025-04-15,CharliAI Inc.,,Transaction,CharliAI Inc. entered into an agreement to acquire Sums Capital.,agreement,False,,none,
1930717890.0,2025,2025-02-07,Mortgage Service Japan Limited,"AI Inspection Center Co., Ltd.",Target,"Mortgage Service Japan Limited (TSE:7192) agreed to acquire AI Inspection Center Co., Ltd.",agreement,False,,none,
588247479.0,2018,2018-09-27,"AI Engineers, Inc.","AI Engineers, Inc.",Buyer,AI Engineers Inc. acquired Dolph Rotfeld Engineering P.C.,other,False,,none,
3246490.0,2006,2006-08-10,L'Air Liquide S.A.,Aiolos System AB,Seller,L'Air Liquide SA (ENXTPA: AI) agreed to acquire Aiolos Medical AB from Aiolos System.,agreement,False,,none,
1893412760.0,2024,2024-08-09,Vector8 AG,Vector8 AG,Buyer,Vector8 AG agreed to acquire AI team of wefox Germany GmbH from wefox Germany GmbH.,agreement,False,,none,
1872813006.0,2024,2024-02-20,Artificial Intelligence Finance LTD,,Transaction,Artificial Intelligence Finance LTD acquired Lunar Technologies Limited.,other,False,,none,
2022937.0,1990,1990-06-30,Trinzic Corp.,Warburg Pincus LLC,Seller,Announced Merger/Acquisition Transaction - Target: AI Corporation; Buyer(s): Trinzic Corp.,other,False,,none,
715371332.0,2021,2021-05-19,Unbounce Marketing Solutions Inc.,,Transaction,Unbounce Marketing Solutions Inc. signed an agreement to acquire Snazzy AI.,other,False,,none,
695788852.0,2020,2020-11-12,KMS lighthouse LTD,KMS lighthouse LTD,Buyer,KMS lighthouse agreed to acquire Reps AI.,agreement,False,,none,
1823347702.0,2023,2023-01-24,"Clovers AI, Inc.","Clovers AI, Inc.",Buyer,"Clovers AI, Inc. entered into a definitive agreement to acquire TalVista.",definitive_agreement,False,,none,
2060747.0,2001,2001-08-21,AI-Asia,AI-Asia,Buyer,Announced Merger/Acquisition Transaction - Target: V2 Technology Inc.; Buyer(s): AI-Asia,definitive_agreement,False,,none,
2000032095.0,2026,2026-05-11,"Rialtic, Inc.","Rialtic, Inc.",Buyer,"Rialtic, Inc. signed a definitive agreement to acquire Exponential AI.",definitive_agreement,False,,none,
1761449632.0,2021,2021-12-14,ZF Friedrichshafen AG,"Apex.AI, Inc.",Target,"ZF Friedrichshafen AG agreed to acquire a 5% stake in Apex.AI, Inc.",agreement,False,,none,
1981300447.0,2026,2026-01-28,Apollo Health Software Inc.,,Transaction,Arya Health entered into a definitive agreement to acquire HippoAI.,definitive_agreement,False,,none,
611718677.0,2018,2018-04-20,G2-Startups,"L1S4, Chatbot AI",Target,"G2-Startups acquired an unknown minority stake L1S4, Chatbot AI.",other,False,,none,
1983313633.0,2024,2024-11-19,Zesty Tech Ltd.,Zesty Tech Ltd.,Buyer,Zesty Tech Ltd. acquired Qubex.AI Ltd. recently.,other,False,,none,
599532080.0,2019,2019-01-24,"Yodlee, Inc.","Yodlee, Inc.",Buyer,Envestnet | Yodlee acquired Abe AI Inc.,other,False,,none,021017
