title,year,authors,venue,cited_by,doi,abstract,on_topic,found_under_themes,SCREEN_relevant_yn,data_source,ai_measure_unit,monetary_yn,sample,validation,data_free_or_commercial
Artificial Intelligence and Business Value: a Literature Review,2021,Ida Merete Enholm; Emmanouil Papagiannidis; Patrick Mikalef; John Krogstie,Information Systems Frontiers,922,https://doi.org/10.1007/s10796-021-10186-w,"Abstract Artificial Intelligence (AI) are a wide-ranging set of technologies that promise several advantages for organizations in terms off added business value. Over the past few years, organizations are increasingly turning to AI in order to gain business value following a deluge of data and a strong increase in computational capacity. Nevertheless, organizations are still struggling to adopt and leverage AI in their operations. The lack of a coherent understanding of how AI technologies create business value, and what type of business value is expected, therefore necessitates a holistic understanding. This study provides a systematic literature review that attempts to explain how organizations can leverage AI technologies in their operations and elucidate the value-generating mechanisms. Our analysis synthesizes the current literature and highlights: (1) the key enablers and inhibitors of AI adoption and use; (2) the typologies of AI use in the organizational setting; and (3) the first- and second-order effects of AI. The paper concludes with an identification of the gaps in the literature and develops a research agenda that identifies areas that need to be addressed by future studies.",True,ai_adoption; firm_ai_investment,,,,,,,
Artificial Intelligence in FinTech: understanding robo-advisors adoption among customers,2019,Daniel Belanche; Luis V. Casaló; Carlos Flavián,Industrial Management & Data Systems,794,https://doi.org/10.1108/imds-08-2018-0368,"Purpose Considering the increasing impact of Artificial Intelligence (AI) on financial technology (FinTech), the purpose of this paper is to propose a research framework to better understand robo-advisor adoption by a wide range of potential customers. It also predicts that personal and sociodemographic variables (familiarity with robots, age, gender and country) moderate the main relationships. Design/methodology/approach Data from a web survey of 765 North American, British and Portuguese potential users of robo-advisor services confirm the validity of the measurement scales and provide the input for structural equation modeling and multisample analyses of the hypotheses. Findings Consumers’ attitudes toward robo-advisors, together with mass media and interpersonal subjective norms, are found to be the key determinants of adoption. The influences of perceived usefulness and attitude are slightly higher for users with a higher level of familiarity with robots; in turn, subjective norms are significantly more relevant for users with a lower familiarity and for customers from Anglo-Saxon countries. Practical implications Banks and other firms in the finance industry should design robo-advisors to be used by a wide spectrum of consumers. Marketing tactics applied should consider the customer’s level of familiarity with robots. Originality/value This research identifies the key drivers of robo-advisor adoption and the moderating effect of personal and sociodemographic variables. It contributes to understanding consumers’ perceptions regarding the introduction of AI in FinTech.",True,ai_adoption,,,,,,,
Artificial Intelligence and the Modern Productivity Paradox: A Clash of Expectations and Statistics,2017,Erik Brynjolfsson; Daniel Rock; Chad Syverson,National Bureau of Economic Research,747,https://doi.org/10.3386/w24001,"We live in an age of paradox. Systems using artificial intelligence match or surpass human level performance in more and more domains, leveraging rapid advances in other technologies and driving soaring stock prices. Yet measured productivity growth has declined by half over the past decade, and real income has stagnated since the late 1990s for a majority of Americans. We describe four potential explanations for this clash of expectations and statistics: false hopes, mismeasurement, redistribution, and implementation lags. While a case can be made for each, we argue that lags have likely been the biggest contributor to the paradox. The most impressive capabilities of AI, particularly those based on machine learning, have not yet diffused widely. More importantly, like other general purpose technologies, their full effects won't be realized until waves of complementary innovations are developed and implemented. The required adjustment costs, organizational changes, and new skills can be modeled as a kind of intangible capital. A portion of the value of this intangible capital is already reflected in the market value of firms. However, going forward, national statistics could fail to measure the full benefits of the new technologies and some may even have the wrong sign.",True,it_adoption_history,,,,,,,
Redefining Radiology: A Review of Artificial Intelligence Integration in Medical Imaging,2023,Reabal Najjar,Diagnostics,724,https://doi.org/10.3390/diagnostics13172760,"This comprehensive review unfolds a detailed narrative of Artificial Intelligence (AI) making its foray into radiology, a move that is catalysing transformational shifts in the healthcare landscape. It traces the evolution of radiology, from the initial discovery of X-rays to the application of machine learning and deep learning in modern medical image analysis. The primary focus of this review is to shed light on AI applications in radiology, elucidating their seminal roles in image segmentation, computer-aided diagnosis, predictive analytics, and workflow optimisation. A spotlight is cast on the profound impact of AI on diagnostic processes, personalised medicine, and clinical workflows, with empirical evidence derived from a series of case studies across multiple medical disciplines. However, the integration of AI in radiology is not devoid of challenges. The review ventures into the labyrinth of obstacles that are inherent to AI-driven radiology-data quality, the 'black box' enigma, infrastructural and technical complexities, as well as ethical implications. Peering into the future, the review contends that the road ahead for AI in radiology is paved with promising opportunities. It advocates for continuous research, embracing avant-garde imaging technologies, and fostering robust collaborations between radiologists and AI developers. The conclusion underlines the role of AI as a catalyst for change in radiology, a stance that is firmly rooted in sustained innovation, dynamic partnerships, and a steadfast commitment to ethical responsibility.",True,ai_adoption; firm_ai_investment,,,,,,,
A multilevel review of artificial intelligence in organizations: Implications for organizational behavior research and practice,2023,Sarah Bankins; Anna Carmella Ocampo; Mauricio Marrone; Simon Lloyd D. Restubog; Sang Eun Woo,Journal of Organizational Behavior,606,https://doi.org/10.1002/job.2735,"Summary The rising use of artificially intelligent (AI) technologies, including generative AI tools, in organizations is undeniable. As these systems become increasingly integrated into organizational practices and processes, understanding their impact on workers' experiences and job designs is critical. However, the ongoing discourse surrounding AI use in the workplace remains divided. Proponents of the technology extol its benefits for enhancing efficiency and productivity, while others voice concerns about the potential harm to human workers. To provide greater clarity on this pressing issue, this article presents a systematic review of empirical research that sheds light on the implications of AI use at work. Organized under five inductively generated themes within a multilevel framework, we uncover individual, group, and organizational factors that shape the interplay between humans and AI. Specifically, the themes are: (1) human–AI collaboration; (2) perceptions of algorithmic and human capabilities; (3) worker attitudes towards AI; (4) AI as a control mechanism in algorithmic management of platform‐based work; and (5) labor market implications of AI use. Our review offers insights into these themes and identifies five pathways for future research. Finally, we provide practical recommendations for organizational leaders seeking to implement AI technologies while prioritizing their employees' well‐being.",True,firm_ai_investment,,,,,,,
The Productivity J-Curve: How Intangibles Complement General Purpose Technologies,2020,Erik Brynjolfsson; Daniel Rock; Chad Syverson,American Economic Journal Macroeconomics,592,https://doi.org/10.1257/mac.20180386,"General purpose technologies (GPTs) like AI enable and require significant complementary investments. These investments are often intangible and poorly measured in national accounts. We develop a model that shows how this can lead to underestimation of productivity growth in a new GPTs early years and, later, when the benefits of intangible investments are harvested, productivity growth overestimation. We call this phenomenon the Productivity J-curve. We apply our method to US data and find that adjusting for intangibles related to computer hardware and software yields a TFP level that is 15.9 percent higher than official measures by the end of 2017. (JEL E22, E23, G31, L63, L86)",True,it_adoption_history,,,,,,,
Industry 4.0 in Finance: The Impact of Artificial Intelligence (AI) on Digital Financial Inclusion,2020,David Mhlanga,International Journal of Financial Studies,543,https://doi.org/10.3390/ijfs8030045,"This study sought to investigate the impact of AI on digital financial inclusion. Digital financial inclusion is becoming central in the debate on how to ensure that people who are at the lower levels of the pyramid become financially active. Fintech companies are using AI and its various applications to ensure that the goal of digital financial inclusion is realized that is to ensure that low-income earners, the poor, women, youths, small businesses participate in the mainstream financial market. This study used conceptual and documentary analysis of peer-reviewed journals, reports and other authoritative documents on AI and digital financial inclusion to assess the impact of AI on digital financial inclusion. The present study discovered that AI has a strong influence on digital financial inclusion in areas related to risk detection, measurement and management, addressing the problem of information asymmetry, availing customer support and helpdesk through chatbots and fraud detection and cybersecurity. Therefore, it is recommended that financial institutions and non-financial institutions and governments across the world adopt and scale up the use of AI tools and applications as they present benefits in the quest to ensure that the vulnerable groups of people who are not financially active do participate in the formal financial market with minimum challenges and maximum benefits.",True,firm_ai_investment,,,,,,,
"Artificial intelligence in innovation research: A systematic review, conceptual framework, and future research directions",2022,Marcello M. Mariani; Isa Machado; Vittoria Magrelli; Yogesh K. Dwivedi,Technovation,528,https://doi.org/10.1016/j.technovation.2022.102623,"Artificial Intelligence (AI) is increasingly adopted by organizations to innovate, and this is ever more reflected in scholarly work. To illustrate, assess and map research at the intersection of AI and innovation, we performed a Systematic Literature Review (SLR) of published work indexed in the Clarivate Web of Science (WOS) and Elsevier Scopus databases (the final sample includes 1448 articles). A bibliometric analysis was deployed to map the focal field in terms of dominant topics and their evolution over time. By deploying keyword co-occurrences, and bibliographic coupling techniques, we generate insights on the literature at the intersection of AI and innovation research. We leverage the SLR findings to provide an updated synopsis of extant scientific work on the focal research area and to develop an interpretive framework which sheds light on the drivers and outcomes of AI adoption for innovation. We identify economic, technological, and social factors of AI adoption in firms willing to innovate. We also uncover firms' economic, competitive and organizational, and innovation factors as key outcomes of AI deployment. We conclude this paper by developing an agenda for future research.",True,ai_adoption; ai_patents_value; firm_ai_investment,,,,,,,
Artificial intelligence and the changing sources of competitive advantage,2022,Sebastian Krakowski; Johannes Luger; Sebastian Raisch,Strategic Management Journal,511,https://doi.org/10.1002/smj.3387,"Abstract Research Summary We apply a resource‐based view to investigate how the adoption of Artificial Intelligence (AI) affects competitive capabilities and performance. Following prior work on using chess as a controlled setting for studying competitive interactions, we compare the same players’ capabilities and performance across conventional, centaur, and engine chess tournaments. Our analysis shows that AI adoption triggers interrelated substitution and complementation dynamics, which make humans’ traditional competitive capabilities obsolete, while creating new sources of persistent heterogeneity when humans interact with chess engines. These novel human‐machine capabilities are unrelated, or even negatively related, to traditional capabilities. We contribute an integrated view of substitution and complementation, which identifies AI as the driver of these dynamics and explains how they jointly shift the sources of competitive advantage. Managerial Summary AI‐based technologies increasingly substitute and complement humans in managerial tasks such as decision making. We investigate how such change affects the sources of competitive advantage. AI‐based engines’ adoption in chess allows us to investigate competitive capabilities and performance in human, AI, and hybrid settings. We find that neither humans nor AI in isolation explain performance differences in the AI and hybrid settings. Instead, a new decision‐making resource emerges at the human‐AI intersection, which drives performance but is unrelated or even negatively related to humans’ original capability. Our results document how AI adoption changes the sources of competitive advantage and, in turn, requires managers to develop new capabilities to stay relevant in an AI‐based competitive landscape.",True,ai_adoption; firm_ai_investment,,,,,,,
Artificial intelligence and knowledge sharing: Contributing factors to organizational performance,2022,Femi Olan; Emmanuel Ogiemwonyi Arakpogun; Jana Suklan; Franklin Nakpodia; Nadja Damij; Uchitha Jayawickrama,Journal of Business Research,489,https://doi.org/10.1016/j.jbusres.2022.03.008,"The evolution of organizational processes and performance over the past decade has been largely enabled by cutting-edge technologies such as data analytics, artificial intelligence (AI), and business intelligence applications. The increasing use of cutting-edge technologies has boosted effectiveness, efficiency and productivity, as existing and new knowledge within an organization continues to improve AI abilities. Consequently, AI can identify redundancies within business processes and offer optimal resource utilization for improved performance. However, the lack of integration of existing and new knowledge makes it problematic to ascertain the required nature of knowledge needed for AI’s ability to optimally improve organizational performance. Hence, organizations continue to face reoccurring challenges in their business processes, competition, technological advancement and finding new solutions in a fast-changing society. To address this knowledge gap, this study applies a fuzzy set-theoretic approach underpinned by the conceptualization of AI, knowledge sharing (KS) and organizational performance (OP). Our result suggests that the implementation of AI technologies alone is not sufficient in improving organizational performance. Rather, a complementary system that combines AI and KS provides a more sustainable organizational performance strategy for business operations in a constantly changing digitized society.",True,firm_ai_investment,,,,,,,
Artificial Intelligence and Entrepreneurship: Implications for Venture Creation in the Fourth Industrial Revolution,2020,Dominic Chalmers; Niall MacKenzie; Sara Carter,Entrepreneurship Theory and Practice,481,https://doi.org/10.1177/1042258720934581,"This article explores the ways artificial intelligence (AI) may impact new venture processes, practices and outcomes. We examine how such technology will augment and replace tasks associated with idea production, selling, and scaling. These changes entail new ways of working, and we consider implications for the organizational design of entrepreneurial ventures. While AI can enhance entrepreneurial activities, liabilities stem from this technological leverage. We advance a research agenda that draws attention towards negative social and economic implications of AI, particularly for more traditional small firms at risk of disintermediation in an AI economy.",True,ai_patents_value,,,,,,,
Six Human-Centered Artificial Intelligence Grand Challenges,2023,Özlem Özmen Garibay; Brent Winslow; Salvatore Andolina; Margherita Antona; Anja Bodenschatz; Constantinos K. Coursaris,International Journal of Human-Computer Interaction,463,https://doi.org/10.1080/10447318.2022.2153320,"Widespread adoption of artificial intelligence (AI) technologies is substantially affecting the human condition in ways that are not yet well understood. Negative unintended consequences abound including the perpetuation and exacerbation of societal inequalities and divisions via algorithmic decision making. We present six grand challenges for the scientific community to create AI technologies that are human-centered, that is, ethical, fair, and enhance the human condition. These grand challenges are the result of an international collaboration across academia, industry and government and represent the consensus views of a group of 26 experts in the field of human-centered artificial intelligence (HCAI). In essence, these challenges advocate for a human-centered approach to AI that (1) is centered in human well-being, (2) is designed responsibly, (3) respects privacy, (4) follows human-centered design principles, (5) is subject to appropriate governance and oversight, and (6) interacts with individuals while respecting human’s cognitive capacities. We hope that these challenges and their associated research directions serve as a call for action to conduct research and development in AI that serves as a force multiplier towards more fair, equitable and sustainable societies.",True,ai_adoption; firm_ai_investment,,,,,,,
Stock Market Analysis: A Review and Taxonomy of Prediction Techniques,2019,Dev Shah; Haruna Isah; Farhana Zulkernine,International Journal of Financial Studies,461,https://doi.org/10.3390/ijfs7020026,"Stock market prediction has always caught the attention of many analysts and researchers. Popular theories suggest that stock markets are essentially a random walk and it is a fool’s game to try and predict them. Predicting stock prices is a challenging problem in itself because of the number of variables which are involved. In the short term, the market behaves like a voting machine but in the longer term, it acts like a weighing machine and hence there is scope for predicting the market movements for a longer timeframe. Application of machine learning techniques and other algorithms for stock price analysis and forecasting is an area that shows great promise. In this paper, we first provide a concise review of stock markets and taxonomy of stock market prediction methods. We then focus on some of the research achievements in stock analysis and prediction. We discuss technical, fundamental, short- and long-term approaches used for stock analysis. Finally, we present some challenges and research opportunities in this field.",True,ai_disclosure_nlp,,,,,,,
The Impact of Artificial Intelligence on Innovation,2018,Iain Cockburn; Rebecca Henderson; Scott Stern,National Bureau of Economic Research,438,https://doi.org/10.3386/w24449,"Artificial intelligence may greatly increase the efficiency of the existing economy. But it may have an even larger impact by serving as a new general-purpose ""method of invention"" that can reshape the nature of the innovation process and the organization of R&D. We distinguish between automation-oriented applications such as robotics and the potential for recent developments in ""deep learning"" to serve as a general-purpose method of invention, finding strong evidence of a ""shift"" in the importance of application-oriented learning research since 2009. We suggest that this is likely to lead to a significant substitution away from more routinized labor-intensive research towards research that takes advantage of the interplay between passively generated large datasets and enhanced prediction algorithms. At the same time, the potential commercial rewards from mastering this mode of research are likely to usher in a period of racing, driven by powerful incentives for individual companies to acquire and control critical large datasets and application-specific algorithms. We suggest that policies which encourage transparency and sharing of core datasets across both public and private actors may be critical tools for stimulating research productivity and innovation-oriented competition going forward.",True,ai_patents_value,,,,,,,
Artificial intelligence and industrial innovation: Evidence from German firm-level data,2022,Christian Rammer; Gastón P. Fernández; Dirk Czarnitzki,Research Policy,437,https://doi.org/10.1016/j.respol.2022.104555,,True,ai_adoption; ai_patents_value,,,,,,,
Augmenting human innovation teams with artificial intelligence: Exploring transformer‐based language models,2023,Sebastian Gregor Bouschery; Vera Blažević; Frank T. Piller,Journal of Product Innovation Management,399,https://doi.org/10.1111/jpim.12656,"Abstract The use of transformer‐based language models in artificial intelligence (AI) has increased adoption in various industries and led to significant productivity advancements in business operations. This article explores how these models can be used to augment human innovation teams in the new product development process, allowing for larger problem and solution spaces to be explored and ultimately leading to higher innovation performance. The article proposes the use of the AI‐augmented double diamond framework to structure the exploration of how these models can assist in new product development (NPD) tasks, such as text summarization, sentiment analysis, and idea generation. It also discusses the limitations of the technology and the potential impact of AI on established practices in NPD. The article establishes a research agenda for exploring the use of language models in this area and the role of humans in hybrid innovation teams. (Note: Following the idea of this article, GPT‐3 alone generated this abstract. Only minor formatting edits were performed by humans.)",True,ai_patents_value,,,,,,,
Is artificial intelligence improving the audit process?,2022,Anastassia Fedyk; James Hodson; Natalya V. Khimich; Tatiana Fedyk,Review of Accounting Studies,396,https://doi.org/10.1007/s11142-022-09697-x,"Abstract How does artificial intelligence (AI) impact audit quality and efficiency? We explore this question by leveraging a unique dataset of more than 310,000 detailed individual resumes for the 36 largest audit firms to identify audit firms’ employment of AI workers. We provide a first look into the AI workforce within the auditing sector. AI workers tend to be male and relatively young and hold mostly but not exclusively technical degrees. Importantly, AI is a centralized function within the firm, with workers concentrating in a handful of teams and geographic locations. Our results show that investing in AI helps improve audit quality, reduces fees, and ultimately displaces human auditors, although the effect on labor takes several years to materialize. Specifically, a one-standard-deviation change in recent AI investments is associated with a 5.0% reduction in the likelihood of an audit restatement, a 0.9% drop in audit fees, and a reduction in the number of accounting employees that reaches 3.6% after three years and 7.1% after four years. Our empirical analyses are supported by in-depth interviews with 17 audit partners representing the eight largest U.S. public accounting firms, which show that (1) AI is developed centrally; (2) AI is widely used in audit; and (3) the primary goal for using AI in audit is improved quality, followed by efficiency.",True,ai_adoption; ai_patents_value; firm_ai_investment,,,,,,,
Exploring artificial intelligence adoption in public organizations: a comparative case study,2022,Oliver Neumann; Katharina Guirguis; Reto Steiner,Public Management Review,395,https://doi.org/10.1080/14719037.2022.2048685,"Despite the enormous potential of artificial intelligence (AI), many public organizations struggle to adopt this technology. Simultaneously, empirical research on what determines successful AI adoption in public settings remains scarce. Using the technology organization environment (TOE) framework, we address this gap with a comparative case study of eight Swiss public organizations. Our findings suggest that the importance of technological and organizational factors varies depending on the organization’s stage in the adoption process, whereas environmental factors are generally less critical. Accordingly, this study advances our theoretical understanding of the specificities of AI adoption in public organizations throughout the different adoption stages.",True,ai_adoption,,,,,,,
Artificial intelligence and firm-level productivity,2023,Dirk Czarnitzki; Gastón P. Fernández; Christian Rammer,Journal of Economic Behavior & Organization,349,https://doi.org/10.1016/j.jebo.2023.05.008,"Artificial Intelligence (AI) is often regarded as the next general-purpose technology with a rapid, penetrating, and far-reaching use over a broad number of industrial sectors. The main feature of new general-purpose technology is to enable new ways of production that may increase productivity. However, to date, only a few studies have investigated the likely productivity effects of AI at the firm-level, presumably due to limited data availability. We exploit unique survey data on firms’ adoption of AI technology and estimate its productivity effects with a sample of German firms. We employ both a cross-sectional dataset and a panel database. To address the potential endogeneity of AI adoption, we also implement IV estimators. We find positive and significant associations between the use of AI and firm productivity. This finding holds for different measures of AI usage, i.e., an indicator variable of AI adoption, and the intensity with which firms use AI methods in their business processes.",True,ai_adoption; ai_patents_value; firm_ai_investment; it_adoption_history,,,,,,,
Artificial intelligence and corporate innovation: A review and research agenda,2022,Salman Bahoo; Marco Cucculelli; Dawood Qamar,Technological Forecasting and Social Change,329,https://doi.org/10.1016/j.techfore.2022.122264,,True,ai_patents_value; firm_ai_investment,,,,,,,
The impact of artificial intelligence on labor productivity,2021,Giacomo Damioli; Vincent Van Roy; Dániel Vértesy,Eurasian Economic Review,315,https://doi.org/10.1007/s40821-020-00172-8,"Abstract Recent evidence indicates an upsurge in artificial intelligence and robotics (AI) patenting activities in the latest years, suggesting that solutions based on AI technologies might have started to exert an effect on the economy. We test this hypothesis using a worldwide sample of 5257 companies having filed at least a patent related to the field of AI between 2000 and 2016. Our analysis shows that, once controlling for other patenting activities, AI patent applications generate an extra-positive effect on companies’ labor productivity. The effect concentrates on SMEs and services industries, suggesting that the ability to quickly readjust and introduce AI-based applications in the production process is an important determinant of the impact of AI observed to date.",True,ai_patents_value,,,,,,,
Artificial intelligence focus and firm performance,2022,Sagarika Mishra; Michael T. Ewing; Holly B. Cooper,Journal of the Academy of Marketing Science,200,https://doi.org/10.1007/s11747-022-00876-5,"Abstract Artificial Intelligence is poised to transform all facets of marketing. In this study, we examine the link between firms’ focus on AI in their 10-K reports and their gross and net operating efficiency. 10-K reports are a salient source of insight into an array of issues in accounting and finance research, yet remain relatively overlooked in marketing. Drawing upon economic and marketing theory, we develop a guiding framework to show how firms’ AI focus could be related to gross and net operating efficiency. We then use a system of simultaneous equations to empirically test the relationship between AI focus and operating efficiency. Our findings confirm that US-listed firms are in a state of impending transformation with regards to AI. We show how AI focus is associated with improvements in net profitability, net operating efficiency and return on marketing-related investment while reducing adspend and creating jobs.",True,ai_adoption; ai_disclosure_nlp; firm_ai_investment,,,,,,,
"Artificial Intelligence, Economics, and Industrial Organization",2018,Hal R. Varian,National Bureau of Economic Research,192,https://doi.org/10.3386/w24839,"Machine learning (ML) and artificial intelligence (AI) have been around for many years. However, in the last 5 years, remarkable progress has been made using multilayered neural networks in diverse areas such as image recognition, speech recognition, and machine translation. AI is a general purpose technology that is likely to impact many industries. In this chapter I consider how machine learning availability might affect the industrial organization of both firms that provide AI services and industries that adopt AI technology. My intent is not to provide an extensive overview of this rapidly-evolving area, but instead to provide a short summary of some of the forces at work and to describe some possible areas for future research.",True,ai_patents_value,,,,,,,
The simple macroeconomics of AI,2024,Daron Acemoğlu,Economic Policy,191,https://doi.org/10.1093/epolic/eiae042,"SUMMARY This paper evaluates claims about the large macroeconomic implications of new advances in Artificial intelligence (AI). It starts from a task-based model of AI’s effects, working through automation and task complementarities. So long as AI’s microeconomic effects are driven by cost savings/productivity improvements at the task level, its macroeconomic consequences will be given by a version of Hulten’s theorem: Gross Domestic Product (GDP) and aggregate productivity gains can be estimated by what fraction of tasks are impacted and average task-level cost savings. Using existing estimates on exposure to AI and productivity improvements at the task level, these macroeconomic effects appear non-trivial but modest – no more than a 0.66% increase in total factor productivity (TFP) over 10 years. The paper then argues that even these estimates could be exaggerated, because early evidence is from easy-to-learn tasks, whereas some of the future effects will come from hard-to-learn tasks, where there are many context-dependent factors affecting decision-making and no objective outcome measures from which to learn successful performance. Consequently, predicted TFP gains over the next 10 years are even more modest and are predicted to be less than 0.53%. I also explore AI’s wage and inequality effects. I show theoretically that even when AI improves the productivity of low-skill workers in certain tasks (without creating new tasks for them), this may increase rather than reduce inequality. Empirically, I find that AI advances are unlikely to increase inequality as much as previous automation technologies because their impact is more equally distributed across demographic groups, but there is also no evidence that AI will reduce labour income inequality. Instead, AI is predicted to widen the gap between capital and labour income. Finally, some of the new tasks created by AI may have negative social value (such as the design of algorithms for online manipulation), and I discuss how to incorporate the macroeconomic effects of new tasks that may have negative social value.",True,ai_exposure,,,,,,,
The Evolutionary Dynamics of the Artificial Intelligence Ecosystem,2021,Michael G. Jacobides; Stefano Brusoni; Francois Candelon,Strategy Science,190,https://doi.org/10.1287/stsc.2021.0148,"We analyze the sectoral and national systems of firms and institutions that collectively engage in artificial intelligence (AI). Moving beyond the analysis of AI as a general-purpose technology or its particular areas of application, we draw on the evolutionary analysis of sectoral systems and ask, “Who does what?” in AI. We provide a granular view of the complex interdependency patterns that connect developers, manufacturers, and users of AI. We distinguish between AI enablement, AI production, and AI consumption and analyze the emerging patterns of cospecialization between firms and communities. We find that AI provision is characterized by the dominance of a small number of Big Tech firms, whose downstream use of AI (e.g., search, payments, social media) has underpinned much of the recent progress in AI and who also provide the necessary upstream computing power provision (Cloud and Edge). These firms dominate top academic institutions in AI research, further strengthening their position. We find that AI is adopted by and benefits the small percentage of firms that can both digitize and access high-quality data. We consider how the AI sector has evolved differently in the three key geographies—China, the United States, and the European Union—and note that a handful of firms are building global AI ecosystems. Our contribution is to showcase the evolution of evolutionary thinking with AI as a case study: we show the shift from national/sectoral systems to triple-helix/innovation ecosystems and digital platforms. We conclude with the implications of such a broad evolutionary account for theory and practice.",True,ai_patents_value,,,,,,,
Advanced Technologies Adoption and Use by U.S. Firms: Evidence from the Annual Business Survey,2020,Nikolas Zolas; Zachary Kroff; Erik Brynjolfsson; Kristina McElheran; David N. Beede; Cathy Buffington,National Bureau of Economic Research,173,https://doi.org/10.3386/w28290,"We introduce a new survey module intended to complement and expand research on the causes and consequences of advanced technology adoption. The 2018 Annual Business Survey (ABS), conducted by the Census Bureau in partnership with the National Center for Science and Engineering Statistics (NCSES), provides comprehensive and timely information on the diffusion among U.S. firms of advanced technologies including artificial intelligence (AI), cloud computing, robotics, and the digitization of business information. The 2018 ABS is a large, nationally representative sample of over 850,000 firms covering all private, nonfarm sectors of the economy. We describe the motivation for and development of the technology module in the ABS, as well as provide a first look at technology adoption and use patterns across firms and sectors. We find that digitization is quite widespread, as is some use of cloud computing. In contrast, advanced technology adoption is rare and generally skewed towards larger and older firms. Adoption patterns are consistent with a hierarchy of increasing technological sophistication, in which most firms that adopt AI or other advanced business technologies also use the other, more widely diffused technologies. Finally, while few firms are at the technology frontier, they tend to be large so technology exposure of the average worker is significantly higher.",True,it_adoption_history,,,,,,,
Primer on artificial intelligence and robotics,2019,Manav Raj; Robert Seamans,Journal of Organization Design,161,https://doi.org/10.1186/s41469-019-0050-0,"This article provides an introduction to artificial intelligence, robotics, and research streams that examine the economic and organizational consequences of these and related technologies. We describe the nascent research on artificial intelligence and robotics in the economics and management literature and summarize the dominant approaches taken by scholars in this area. We discuss the implications of artificial intelligence, robotics, and automation for organizational design and firm strategy, argue for greater engagement with these topics by organizational and strategy researchers, and outline directions for future research.",True,ai_patents_value,,,,,,,
Artificial intelligence and radical innovation: an opportunity for all companies?,2022,Nils Grashof; Alexander Kopka,Small Business Economics,156,https://doi.org/10.1007/s11187-022-00698-3,"Abstract Artificial intelligence (AI) is often seen as a key technology for future economic growth. However, its concrete effects on the emergence of radical innovations and the associated socio-economic impacts, through increasing divergence between smaller and larger firms, have not yet been systematically researched. This paper addresses this by investigating the extent to which AI-related knowledge influences the emergence of radical innovations and differentiates between SMEs and large firms. Based on a unique dataset of European firms combining firm-level data with patent data, we find a nuanced influence from AI. While AI applications assert a positive influence, AI techniques negatively influence the emergence of radical innovations. Being an SME significantly moderates these effects. Larger firms gain from AI applications, whereas SMEs gain from AI techniques. Therefore, AI knowledge in itself is not a general answer to increase the likelihood of creating radical innovation. Instead, a more differentiated view on AI is needed.",True,ai_patents_value,,,,,,,
Gen-AI,2024,Mauro Cazzaniga; Florence Jaumotte; Longji Li; Giovanni Melina; Augustus Panton; Carlo Pizzinelli,IMF staff discussion note,149,https://doi.org/10.5089/9798400262548.006,"Artificial Intelligence (AI) has the potential to reshape the global economy, especially in the realm of labor markets. Advanced economies will experience the benefits and pitfalls of AI sooner than emerging market and developing economies, largely due to their employment structure focused on cognitive-intensive roles. There are some consistent patterns concerning AI exposure, with women and college-educated individuals more exposed but also better poised to reap AI benefits, and older workers potentially less able to adapt to the new technology. Labor income inequality may increase if the complementarity between AI and high-income workers is strong, while capital returns will increase wealth inequality. However, if productivity gains are sufficiently large, income levels could surge for most workers. In this evolving landscape, advanced economies and more developed emerging markets need to focus on upgrading regulatory frameworks and supporting labor reallocation, while safeguarding those adversely affected. Emerging market and developing economies should prioritize developing digital infrastructure and digital skills",True,ai_exposure,,,,,,,
The Simple Macroeconomics of AI,2024,Daron Acemoğlu,National Bureau of Economic Research,149,https://doi.org/10.3386/w32487,"SUMMARY This paper evaluates claims about the large macroeconomic implications of new advances in Artificial intelligence (AI). It starts from a task-based model of AI’s effects, working through automation and task complementarities. So long as AI’s microeconomic effects are driven by cost savings/productivity improvements at the task level, its macroeconomic consequences will be given by a version of Hulten’s theorem: Gross Domestic Product (GDP) and aggregate productivity gains can be estimated by what fraction of tasks are impacted and average task-level cost savings. Using existing estimates on exposure to AI and productivity improvements at the task level, these macroeconomic effects appear non-trivial but modest – no more than a 0.66% increase in total factor productivity (TFP) over 10 years. The paper then argues that even these estimates could be exaggerated, because early evidence is from easy-to-learn tasks, whereas some of the future effects will come from hard-to-learn tasks, where there are many context-dependent factors affecting decision-making and no objective outcome measures from which to learn successful performance. Consequently, predicted TFP gains over the next 10 years are even more modest and are predicted to be less than 0.53%. I also explore AI’s wage and inequality effects. I show theoretically that even when AI improves the productivity of low-skill workers in certain tasks (without creating new tasks for them), this may increase rather than reduce inequality. Empirically, I find that AI advances are unlikely to increase inequality as much as previous automation technologies because their impact is more equally distributed across demographic groups, but there is also no evidence that AI will reduce labour income inequality. Instead, AI is predicted to widen the gap between capital and labour income. Finally, some of the new tasks created by AI may have negative social value (such as the design of algorithms for online manipulation), and I discuss how to incorporate the macroeconomic effects of new tasks that may have negative social value.",True,ai_exposure,,,,,,,
The Uneven Impact of Generative AI on Entrepreneurial Performance,2023,Nicholas G. Otis; Rowan Philip Clarke; Solène Delecourt; David Holtz; Rembrand Koning,,147,https://doi.org/10.31219/osf.io/hdjpk,"Scalable and low-cost AI assistance has the potential to improve firm decision-making and economic performance. However, running a business involves a myriad of open-ended problems, making it difficult to know whether recent AI advances can help business owners make better decisions in real-world markets. In a field experiment with Kenyan entrepreneurs, we assessed the impact of AI advice on small business revenues and profits by randomizing access to a GPT-4-powered AI business assistant via WhatsApp. While we are unable to reject the null hypothesis that there is no average treatment effect, we find the treatment effect for entrepreneurs who were high performing at baseline to be 0.27 standard deviations greater than for low performers. Sub-sample analyses show high performers benefited by just over 15% from the AI assistant, whereas low performers did about 8% worse. This increase in performance inequality does not stem from differences in the questions posed to or advice received from the AI, but from how entrepreneurs selected from and implemented the AI advice they received. More broadly, our findings demonstrate that generative AI is already capable of impacting—though in uneven and unexpected ways—real, open-ended, and unstructured business decisions.",True,ai_exposure,,,,,,,
Generative AI and Firm Values,2023,Andrea L. Eisfeldt; Gregor Schubert; Miao Ben Zhang,National Bureau of Economic Research,132,https://doi.org/10.3386/w31222,"What are the effects of recent advances in Generative AI on the value of firms? Our study offers a quantitative answer to this question for U.S. publicly traded companies based on the exposures of their workforce to Generative AI. Our novel firm-level measure of workforce exposure to Generative AI is validated by data from earnings calls, and has intuitive relationships with firm and industry-level characteristics. Using Artificial Minus Human portfolios that are long firms with higher exposures and short firms with lower exposures, we show that higher-exposure firms earned excess returns that are 0.4% higher on a daily basis than returns of firms with lower exposures following the release of ChatGPT. Although this release was generally received by investors as good news for more exposed firms, there is wide variation across and within industries, consistent with the substantive disruptive potential of Generative AI technologies.",True,ai_exposure,,,,,,,
"Environmental, social, and governance (ESG) and artificial intelligence in finance: State-of-the-art and research takeaways",2024,Tristan Lim,Artificial Intelligence Review,122,https://doi.org/10.1007/s10462-024-10708-3,"Abstract The rapidly growing research landscape in finance, encompassing environmental, social, and governance (ESG) topics and associated Artificial Intelligence (AI) applications, presents challenges for both new researchers and seasoned practitioners. This study aims to systematically map the research area, identify knowledge gaps, and examine potential research areas for researchers and practitioners. The investigation focuses on three primary research questions: the main research themes concerning ESG and AI in finance, the evolution of research intensity and interest in these areas, and the application and evolution of AI techniques specifically in research studies within the ESG and AI in finance domain. Eight archetypical research domains were identified: (i) Trading and Investment, (ii) ESG Disclosure, Measurement and Governance, (iii) Firm Governance, (iv) Financial Markets and Instruments, (v) Risk Management, (vi) Forecasting and Valuation, (vii) Data, and (viii) Responsible Use of AI. Distinctive AI techniques were found to be employed across these archetypes. The study contributes to consolidating knowledge on the intersection of ESG, AI, and finance, offering an ontological inquiry and key takeaways for practitioners and researchers. Important insights include the popularity and crowding of the Trading and Investment domain, the growth potential of the Data archetype, and the high potential of Responsible Use of AI, despite its low publication count. By understanding the nuances of different research archetypes, researchers and practitioners can better navigate this complex landscape and contribute to a more sustainable and responsible financial sector.",True,ai_disclosure_nlp,,,,,,,
Generative AI in innovation and marketing processes: A roadmap of research opportunities,2024,Paola Cillo; Gaia Rubera,Journal of the Academy of Marketing Science,121,https://doi.org/10.1007/s11747-024-01044-7,"Abstract Nowadays, we are witnessing the exponential growth of Generative AI (GenAI), a group of AI models designed to produce new content. This technology is poised to revolutionize marketing research and practice. Since the marketing literature about GenAI is still in its infancy, we offer a technical overview of how GenAI models are trained and how they produce content. Following this, we construct a roadmap for future research on GenAI in marketing, divided into two main domains. The first domain focuses on how firms can harness the potential of GenAI throughout the innovation process. We begin by discussing how GenAI changes consumer behavior and propose research questions at the consumer level. We then connect these emerging consumer insights with corresponding firm marketing strategies, presenting research questions at the firm level. The second set of research questions examines the likely consequences of using GenAI to analyze: (1) the relationship between market-based assets and firm value, and (2) consumer skills, preferences, and role in marketing processes.",True,ai_exposure,,,,,,,
Digital technologies and productivity: A firm-level investigation,2023,Francesco Nucci; Chiara Puccioni; Ottavio Ricchi,Economic Modelling,113,https://doi.org/10.1016/j.econmod.2023.106524,"We characterize the process of digital transformation of Italian firms and the impact on TFP. Using information of unusual breadth on different types of investments in digital technologies, we consider various dimensions of digital adoption such as whether firms invested in advanced domains (like AI) or bundles of more than one technology. We investigate the effects of digital technologies on productivity using alternative criteria to classify firms as digital adopters. With our baseline definition, the estimated effect on the percentage change in TFP between 2015 and 2018 is about one percentage point (0.97). With more restrictive definitions of digital adoption, the estimated impact is found to be larger, and it is largest when digital adoption is associated with investments in at least one AI-related technology. We also show that, in general, the effect of digital adoption is more sizeable in the service sector, in larger firms and in older firms.",True,it_adoption_history,,,,,,,
The Impact of Artificial Intelligence Disclosure on Financial Performance,2023,Fadi Shehab Shiyyab; Abdallah Bader Alzoubi; Qais Mohammad Obidat; Hashem Alshurafat,International Journal of Financial Studies,112,https://doi.org/10.3390/ijfs11030115,"This study determines to what extent Jordanian banks refer to and use artificial intelligence (AI) technologies in their operation process and examines the impact of AI-related terms disclosure on financial performance. Content analysis is used to analyze the spread of AI and related information in the annual report textual data. Based on content analysis and regression analysis of data from 115 annual reports for 15 Jordanian banks listed in the Amman Stock Exchange for the period 2014 to 2021, the study reveals a consistent increase in the mention of AI-related terms disclosure since 2014. However, the level of AI-related disclosure remains weak for some banks, suggesting that Jordanian banks are still in the early stages of adopting and implementing AI technologies. The results indicate that AI-related keywords disclosure has an influence on banks’ financial performance. AI has a positive effect on accounting performance in terms of ROA and ROE and a negative impact on total expenses, which supports the dominant view that AI improves revenue and reduces cost and is also consistent with past literature findings. This study contributes to the growing body of AI literature, specifically the literature on AI voluntary disclosure, in several aspects. First, it provides an objective measure of the uses of AI by formulating an AI disclosure index that captures the status of AI adoption in practice. Second, it provides insights into the relationship between AI disclosure and financial performance. Third, it supports policymakers’, international authorities’, and supervisory organizations’ efforts to address AI disclosure issues and highlights the need for disclosure guidance requirements. Finally, it provides a contribution to banking sector practitioners who are transforming their operations using AI mechanisms and supports the need for more AI disclosure and informed decision making in a manner that aligns with the objectives of financial institutions.",True,ai_disclosure_nlp,,,,,,,
Epidemic effects in the diffusion of emerging digital technologies: evidence from artificial intelligence adoption,2023,Johannes Dahlke; Mathias Beck; Jan Kinne; David Lenz; Robert Dehghan; Martin Wörter,Research Policy,104,https://doi.org/10.1016/j.respol.2023.104917,"The properties of emerging, digital, general-purpose technologies make it hard to observe their adoption by firms and identify the salient determinants of adoption. However, these aspects are critical since the patterns related to early-stage diffusion establish path-dependencies which have implications for the distribution of the technological opportunities and socio-economic returns linked to these technologies. We focus on the case of artificial intelligence (AI) and train a transformer language model to identify firm-level AI adoption using textual data from over 1.1 million websites and constructing a hyperlink network that includes >380,000 firms in Germany, Austria, and Switzerland. We use these data to expand and test epidemic models of inter-firm technology diffusion by integrating the concepts of social capital and network embeddedness. We find that AI adoption is related to three epidemic effect mechanisms: 1) Indirect co-location in industrial and regional hot-spots associated to production of AI knowledge; 2) Direct exposure to sources transmitting deep AI knowledge; 3) Relational embeddedness in the AI knowledge network. The pattern of adoption identified is highly clustered and features a rather closed system of AI adopters which is likely to hinder its broader diffusion. This has implications for policy which should facilitate diffusion beyond localized clusters of expertise. Our findings also point to the need to employ a systemic perspective to investigate the relation between AI adoption and firm performance to identify whether appropriation of the benefits of AI depends on network position and social capital.",True,ai_exposure,,,,,,,
FactorVAE: A Probabilistic Dynamic Factor Model Based on Variational Autoencoder for Predicting Cross-Sectional Stock Returns,2022,Yitong Duan; Lei Wang; Qizhong Zhang; Jian Li,Proceedings of the AAAI Conference on Artificial Intelligence,73,https://doi.org/10.1609/aaai.v36i4.20369,"As an asset pricing model in economics and finance, factor model has been widely used in quantitative investment. Towards building more effective factor models, recent years have witnessed the paradigm shift from linear models to more flexible nonlinear data-driven machine learning models. However, due to low signal-to-noise ratio of the financial data, it is quite challenging to learn effective factor models. In this paper, we propose a novel factor model, FactorVAE, as a probabilistic model with inherent randomness for noise modeling. Essentially, our model integrates the dynamic factor model (DFM) with the variational autoencoder (VAE) in machine learning, and we propose a prior-posterior learning method based on VAE, which can effectively guide the learning of model by approximating an optimal posterior factor model with future information. Particularly, considering that risk modeling is important for the noisy stock data, FactorVAE can estimate the variances from the distribution over the latent space of VAE, in addition to predicting returns. The experiments on the real stock market data demonstrate the effectiveness of FactorVAE, which outperforms various baseline methods.",True,ai_exposure,,,,,,,
"Applications of Artificial Intelligence in the Economy, Including Applications in Stock Trading, Market Analysis, and Risk Management",2023,Amir Masoud Rahmani; Bahareh Rezazadeh; Majid Haghparast; Wei‐Che Chang; Shen Guan Ting,IEEE Access,67,https://doi.org/10.1109/access.2023.3300036,"In an increasingly automated world, Artificial Intelligence (AI) promises to revolutionize how people work, consume, and develop their societies. Science and technology advancement has led humans to seek solutions to problems; however, AI-based technology is not novel and has a wide range of economic applications. This paper examines AI applications in economics, including stock trading, market analysis, and risk assessment. A comprehensive taxonomy is proposed to investigate AI applications in various scopes of the proposed categories. Furthermore, we will discuss this area’s most significant AI-based techniques and evaluation criteria. As a final step, we will identify challenges, open issues, and future work suggestions.",True,ai_disclosure_nlp,,,,,,,
The automated sustainability auditor: Does artificial intelligence curtail greenwashing behavior in Chinese firms?,2024,Muhammad Kaleem Khan; Chunhui Huo; R. M. Ammar Zahid; Umer Sahil Maqsood,Business Strategy and the Environment,66,https://doi.org/10.1002/bse.3961,"Abstract Corporate stakeholders are intrigued by the potential collaboration between AI and environmental reporting to maintain competitiveness in the digital and sustainable economy. This exploration is crucial given the persistent pressures driving companies to engage in greenwashing practices for legitimacy. Aiming to shed light on the function of AI in reducing the prevalence of greenwashing by Chinese businesses, the findings, derived from panel data estimation of Chinese A‐share firms, suggest that the implementation of AI has a positive impact on the fight against greenwashing. The investigation presents compelling evidence that greenwashing mechanism control can be accelerated by AI technologies. Organizations that invest strategically in artificial intelligence exhibit a diminished propensity to obfuscate environmental performance by means of AI‐enabled automation and enhanced data‐driven decision‐making. Intriguingly, the study demonstrates that the substantial disparate greenwashing impact of AI depends on ownership structure. In comparison to non‐SOEs, state‐owned enterprises (SOEs) demonstrate diminished AI control over greenwashing. Significantly, the research utilizes a variety of validation methods, such as instrumental variable approach, propensity score matching, and two‐stage least squares, to ensure the validity of the primary findings.",True,ai_exposure,,,,,,,
Enhancing stock price prediction using GANs and transformer-based attention mechanisms,2024,S. Li; Sijie Xu,Empirical Economics,56,https://doi.org/10.1007/s00181-024-02644-6,"Abstract Stock price prediction plays an important role in financial decision-making, enabling investors and analysts to make informed choices regarding trading and investment strategies. Traditional statistical methods have been utilized for the prediction of stock price, but it is often difficult for them to capture complex patterns, adapt to changing market conditions, handle large datasets, and automatically extract relevant features. Recent advancements in machine learning and deep learning offer promising solutions to address these challenges. In this paper, we propose a new approach to enhance the stock price prediction by leveraging generative adversarial networks (GANs) and transformer-based attention mechanisms. GANs are utilized to generate synthetic stock price data, and incorporating market sentiment and volatility. Attention mechanisms will selectively concentrate on the important features and patterns in the data, which may do good to the identification of key market indicators which will impact stock prices. By integrating market social media news which can tell about the sentiment and volatility, our model aims to improve the accuracy and robustness of stock price forecasts. We also address the limitations of GANs and attention mechanisms separately used in stock price prediction, such as unrealistic data generation and overfitting, by employing regularization techniques and incorporating additional data sources. Experimental evaluations using real-world stock market data will be conducted to compare the performance of our proposed models with conventional approaches. The findings of this research have implications for investors, financial analysts, and other stakeholders who are engaged in the stock market ecosystem, providing valuable insights for the investment strategies.",True,ai_exposure,,,,,,,
The Impact of AI on the Workplace: Evidence from OECD Case Studies of AI Implementation,2023,"Milanez, Anna",OECD social employment and migration working papers,50,https://doi.org/10.1787/2247ce58-en,"How artificial intelligence (AI) will impact workplaces is a central question for the future of work, with potentially significant implications for jobs, productivity, and worker well-being. Yet, knowledge gaps remain in terms of how firms, workers, and worker representatives are adapting. This study addresses these gaps through a qualitative approach. It is based on nearly 100 case studies of the impacts of AI technologies on workplaces in the manufacturing and finance sectors of eight OECD countries. The study shows that, to date, job reorganisation appears more prevalent than job displacement, with automation prompting the reorientation of jobs towards tasks in which humans have a comparative advantage. Job quality improvements associated with AI – reductions in tedium, greater worker engagement, and improved physical safety – may be its strongest endorsement from a worker perspective. The study also highlights challenges – skill requirements and reports of increased work intensity – underscoring the need for policies to ensure that AI technologies benefit everyone.",True,ai_exposure,,,,,,,
Enhancing portfolio management using artificial intelligence: literature review,2024,Kristina Šutienė; Peter Schwendner; Ciprian Șipoș; Luis Lorenzo; Miroslav Mirchev; Petre Lameski,Frontiers in Artificial Intelligence,48,https://doi.org/10.3389/frai.2024.1371502,"Building an investment portfolio is a problem that numerous researchers have addressed for many years. The key goal has always been to balance risk and reward by optimally allocating assets such as stocks, bonds, and cash. In general, the portfolio management process is based on three steps: planning, execution, and feedback, each of which has its objectives and methods to be employed. Starting from Markowitz's mean-variance portfolio theory, different frameworks have been widely accepted, which considerably renewed how asset allocation is being solved. Recent advances in artificial intelligence provide methodological and technological capabilities to solve highly complex problems, and investment portfolio is no exception. For this reason, the paper reviews the current state-of-the-art approaches by answering the core question of how artificial intelligence is transforming portfolio management steps. Moreover, as the use of artificial intelligence in finance is challenged by transparency, fairness and explainability requirements, the case study of post-hoc explanations for asset allocation is demonstrated. Finally, we discuss recent regulatory developments in the European investment business and highlight specific aspects of this business where explainable artificial intelligence could advance transparency of the investment process.",True,ai_disclosure_nlp,,,,,,,
Embracing artificial intelligence in the labour market: the case of statistics,2024,Jin Liu; K Chen; Wenjing Lyu,Humanities and Social Sciences Communications,39,https://doi.org/10.1057/s41599-024-03557-6,"In an era marked by rapid advancements in artificial intelligence (AI), the dynamics of the labour market are undergoing significant transformation. A common concern amidst these changes is the potential obsolescence of traditional disciplines due to AI-driven productivity enhancements. This study delves into the evolving role and resilience of these disciplines within the AI-influenced labour market. Focusing on statistics as a representative field, we investigate its integration with AI and its interplay with other disciplines. Analyzing 279.87 million online job postings in the United States from 2010 to 2022, we observed a remarkable 31-fold increase in the demand for AI-specialized statistical talent, diversifying into 932 distinct AI-related job roles. Additionally, our research identified four major interdisciplinary clusters, encompassing 190 disciplines with a statistical focus. The findings also highlight a growing emphasis on specific hard skills within these AI roles and the differences in demand for AI talent in statistics across economic sectors and regions. Contrary to the pessimistic view of traditional disciplines’ survival in the AI age, our study suggests a more optimistic outlook. We recommend that professionals and organizations proactively adapt to AI advancements. Governments and academic institutions should collaborate to foster interdisciplinary skill development and evaluation for AI talents, thereby enhancing the employability of individuals from traditional disciplines and contributing to broader economic growth.",True,ai_disclosure_nlp,,,,,,,
"Still Waters, Rapid Currents: Early Labor Market Transformation under Generative AI",2025,Anders Humlum; Emilie Vestergaard,National Bureau of Economic Research,27,https://doi.org/10.3386/w33777,"We examine the labor market effects of AI chatbots using two large-scale adoption surveys (late 2023 and 2024) covering 11 exposed occupations (25,000 workers, 7,000 workplaces), linked to matched employer-employee data in Denmark.AI chatbots are now widespread-most employers encourage their use, many deploy in-house models, and training initiatives are common.These firm-led investments boost adoption, narrow demographic gaps in take-up, enhance workplace utility, and create new job tasks.Yet, despite substantial investments, economic impacts remain minimal.Using difference-in-differences and employer policies as quasi-experimental variation, we estimate precise zeros: AI chatbots have had no significant impact on earnings or recorded hours in any occupation, with confidence intervals ruling out effects larger than 1%.Modest productivity gains (average time savings of 3%), combined with weak wage pass-through, help explain these limited labor market effects.Our findings challenge narratives of imminent labor market transformation due to Generative AI.",True,ai_exposure,,,,,,,
"Artificial intelligence and generative AI, such as ChatGPT, in transportation: Applications, technologies, challenges, and ethical considerations",2024,Dimple Patil; Nitin Liladhar Rane; Jayesh Rane; Mallikarjuna Paramesha,,26,https://doi.org/10.70593/978-81-981367-4-9_6,"The transportation industry is undergoing a major transformation driven by artificial intelligence (AI) and generative AI technologies, delivering new solutions to several traditional problems of the transport industry including congestion, security, and environmental concerns. This study examines key areas that highlight the transformative impact of AI on transportation: Features may include AI traffic control, predictive maintenance, optimal maintenance across infrastructures, self-driving automobiles, reinforcement of public transport systems, smart freight and shipping, natural language processing for customer care services, safety improvement through AI, and sustainability solutions. The incorporation of generative AI technologies, such as ChatGPT, encompasses a notable breakthrough particularly within urban environments. This review presents various uses of generative AI in transportation, that is, conversational agents for passengers, predictive maintenance, improved security measures, and efficient traffic control. Automated customer service chatbots help passengers book tickets online, select routes, and receive real-time information, increasing satisfaction. Predictive maintenance identifies potential breakdowns, enabling proactive corrective measures. However, it is important to note that AI incorporation presents ethical considerations, including fairness, data protection, privacy, and the prevention of biases.",True,ai_exposure,,,,,,,
Generative AI revolution in cybersecurity: a comprehensive review of threat intelligence and operations,2025,Mueen Uddin; Muhammad Irshad; Irfan Ali Kandhro; Fuhid Alanazi; Fahad Ahmed; Muhammad Maaz,Artificial Intelligence Review,25,https://doi.org/10.1007/s10462-025-11219-5,"Abstract Cyber threats are increasingly frequent in today’s world, posing challenges for organizations and individuals to protect their data from cybercriminals. On the other hand, Generative Artificial Intelligence (GAI) technology offers an efficient way to automatically address these issues with the help of AI models and algorithms. It can work on more critical security aspects where human intervention is required and handle everyday threat situations autonomously. This research paper explores GAI in enhancing cybersecurity by leveraging AI Models and algorithms. GAI can autonomously address common security issues, detect novel threats, and augment human intervention in critical security aspects. Moreover, this research study also highlights autonomous security enhancements, improved security posture against emerging threats, anomaly detection, and threat response. Besides this, we have discussed the GAI limitations, such as occasional incorrect results, expensive training, and the potential for misuse by malicious actors for illegal activities. This research study also provides valuable insights into the balanced adoption of GAI in cybersecurity, ensuring effective threat migration without compromising system integrity.",True,ai_exposure,,,,,,,
"Industry Exposure to Artificial Intelligence, Board Network Heterogeneity, and Firm Idiosyncratic Risk",2024,Kerry Hudson; Robert E. Morgan,Journal of Management Studies,25,https://doi.org/10.1111/joms.13127,"Abstract Despite the growing impact of artificial intelligence (AI) in business, there is little research examining its effects on firm idiosyncratic risk (IR). This is an important issue for boards: as key conduits of firm–environment information flows via board interlock networks, traditional risk oversight functions are being increasingly augmented with strategic decision‐making and communications. Accordingly, we explore how AI and board interlocks independently and interactively affect IR, focusing on the heterogeneity of the board's network ties. We hypothesize these effects within signalling theory, positing that a firm's AI exposure and board network will differentially affect market perceptions of risk contingent on their perceived cost and relative signal strength under different environmental conditions. We find that while AI and board network heterogeneity both favourably affect risk, operating in a high‐AI industry while occupying a network position that spans industry boundaries mitigates these effects, leading to an increase in IR for firms in the most technologically advanced industries. Additional analyses of diversification corroborate these theoretical mechanisms: as a costly signal of competence across multiple domains, diversification enables firms to simultaneously engage with AI and diverse knowledge networks without market penalties. Our findings offer practical insights for directors and avenues for theoretical development.",True,ai_exposure,,,,,,,
"Generative AI for Finance: Applications, Case Studies and Challenges",2025,Siva Sai; Keya Arunakar; Vinay Chamola; Amir Hussain; Pranav Bisht; Sanjeev Kumar,Expert Systems,24,https://doi.org/10.1111/exsy.70018,"ABSTRACT Generative AI (GAI), which has become increasingly popular nowadays, can be considered a brilliant computational machine that can not only assist with simple searching and organising tasks but also possesses the capability to propose new ideas, make decisions on its own and derive better conclusions from complex inputs. Finance comprises various difficult and time‐consuming tasks that require significant human effort and are highly prone to errors, such as creating and managing financial documents and reports. Hence, incorporating GAI to simplify processes and make them hassle‐free will be consequential. Integrating GAI with finance can open new doors of possibility. With its capacity to enhance decision‐making and provide more effective personalised insights, it has the power to optimise financial procedures. In this paper, we address the research gap of the lack of a detailed study exploring the possibilities and advancements of the integration of GAI with finance. We discuss applications that include providing financial consultations to customers, making predictions about the stock market, identifying and addressing fraudulent activities, evaluating risks, and organising unstructured data. We explore real‐world examples of GAI, including Finance generative pre‐trained transformer (GPT), Bloomberg GPT, and so forth. We look closer at how finance professionals work with AI‐integrated systems and tools and how this affects the overall process. We address the challenges presented by comprehensibility, bias, resource demands, and security issues while at the same time emphasising solutions such as GPTs specialised in financial contexts. To the best of our knowledge, this is the first comprehensive paper dealing with GAI for finance.",True,ai_exposure,,,,,,,
"Quantifying a firm's AI engagement: Constructing objective, data-driven, AI stock indices using 10-K filings",2025,Lennart Ante; Aman Saggu,Technological Forecasting and Social Change,23,https://doi.org/10.1016/j.techfore.2024.123965,"This paper proposes an objective, data-driven approach using natural language processing (NLP) techniques to classify AI stocks by analyzing annual 10-K filings from 3395 NASDAQ-listed firms between 2010 and 2022. Each company's engagement with AI is classified through binary and weighted AI scores based on the frequency of AI-related terms. Using these metrics, we construct four AI stock indices—the Equally Weighted AI Index (AII), the Size-Weighted AI Index (SAII), and two Time-Discounted AI Indices (TAII05 and TAII5X)—offering different perspectives on AI investment. We validate our methodology through an event study on the launch of OpenAI's ChatGPT, demonstrating that companies with higher AI engagement saw significantly greater positive abnormal returns, with analyses supporting the predictive power of our AI measures. Our indices perform on par with or surpass 14 existing AI-themed ETFs and the Nasdaq Composite Index in risk-return profiles, market responsiveness, and overall performance, achieving higher average daily returns and risk-adjusted metrics without increased volatility. These results suggest our NLP-based approach offers a reliable, market-responsive, and cost-effective alternative to existing AI-related ETF products. Our methodology can also guide investors, asset managers, and policymakers in using corporate data to construct other thematic portfolios, contributing to a more transparent, data-driven, and competitive approach. • The NLP-based approach objectively quantifies AI engagement in 3395 NASDAQ firms. • Four AI indices constructed from 10-K filings outperform existing AI-themed ETFs. • The event study of ChatGPT launch shows higher abnormal returns for AI-engaged firms. • The study offers a cost-effective, transparent alternative for AI-focused thematic investing. • New AI engagement metrics support data-driven ETF construction and investor decisions.",True,ai_exposure,,,,,,,
Factor-GAN: Enhancing stock price prediction and factor investment with Generative Adversarial Networks,2024,Jiawei Wang; Zhe Chen,PLoS ONE,15,https://doi.org/10.1371/journal.pone.0306094,"Deep learning, a pivotal branch of artificial intelligence, has increasingly influenced the financial domain with its advanced data processing capabilities. This paper introduces Factor-GAN, an innovative framework that utilizes Generative Adversarial Networks (GAN) technology for factor investing. Leveraging a comprehensive factor database comprising 70 firm characteristics, Factor-GAN integrates deep learning techniques with the multi-factor pricing model, thereby elevating the precision and stability of investment strategies. To explain the economic mechanisms underlying deep learning, we conduct a subsample analysis of the Chinese stock market. The findings reveal that the deep learning-based pricing model significantly enhances return prediction accuracy and factor investment performance in comparison to linear models. Particularly noteworthy is the superior performance of the long-short portfolio under Factor-GAN, demonstrating an annualized return of 23.52% with a Sharpe ratio of 1.29. During the transition from state-owned enterprises (SOEs) to non-SOEs, our study discerns shifts in factor importance, with liquidity and volatility gaining significance while fundamental indicators diminish. Additionally, A-share listed companies display a heightened emphasis on momentum and growth indicators relative to their dual-listed counterparts. This research holds profound implications for the expansion of explainable artificial intelligence research and the exploration of financial technology applications.",True,ai_exposure,,,,,,,
"Explainable Artificial Intelligence (XAI): Concepts, taxonomies, opportunities and challenges toward responsible AI",2019,Alejandro Barredo Arrieta; Natalia Díaz-Rodríguez; Javier Del Ser; Adrien Bennetot; Siham Tabik; Alberto Barbado,Information Fusion,9247,https://doi.org/10.1016/j.inffus.2019.12.012,,False,ai_adoption,,,,,,,
"Artificial Intelligence (AI): Multidisciplinary perspectives on emerging challenges, opportunities, and agenda for research, practice and policy",2019,Yogesh K. Dwivedi; Laurie Hughes; Elvira Ismagilova; Gert Aarts; Crispin Coombs; Tom Crick,International Journal of Information Management,4139,https://doi.org/10.1016/j.ijinfomgt.2019.08.002,"As far back as the industrial revolution, significant development in technical innovation has succeeded in transforming numerous manual tasks and processes that had been in existence for decades where humans had reached the limits of physical capacity. Artificial Intelligence (AI) offers this same transformative potential for the augmentation and potential replacement of human tasks and activities within a wide range of industrial, intellectual and social applications. The pace of change for this new AI technological age is staggering, with new breakthroughs in algorithmic machine learning and autonomous decision-making, engendering new opportunities for continued innovation. The impact of AI could be significant, with industries ranging from: finance, healthcare, manufacturing, retail, supply chain, logistics and utilities, all potentially disrupted by the onset of AI technologies. The study brings together the collective insight from a number of leading expert contributors to highlight the significant opportunities, realistic assessment of impact, challenges and potential research agenda posed by the rapid emergence of AI within a number of domains: business and management, government, public sector, and science and technology. This research offers significant and timely insight to AI technology and its impact on the future of industry and society in general, whilst recognising the societal and industrial influence on pace and direction of AI development.",False,ai_adoption; ai_patents_value; firm_ai_investment,,,,,,,
"Beyond Computation: Information Technology, Organizational Transformation and Business Performance",2000,Erik Brynjolfsson; Lorin M. Hitt,The Journal of Economic Perspectives,3261,https://doi.org/10.1257/jep.14.4.23,"To understand the economic value of computers, one must broaden the traditional definition of both the technology and its effects. Case studies and firm-level econometric evidence suggest that: 1) organizational “investments” have a large influence on the value of IT investments; and 2) the benefits of IT investment are often intangible and disproportionately difficult to measure. Our analysis suggests that the link between IT and increased productivity emerged well before the recent surge in the aggregate productivity statistics and that the current macroeconomic productivity revival may in part reflect the contributions of intangible capital accumulated in the past.",False,it_adoption_history,,,,,,,
How artificial intelligence will change the future of marketing,2019,Thomas H. Davenport; Abhijit Guha; Dhruv Grewal; Timna Breßgott,Journal of the Academy of Marketing Science,2422,https://doi.org/10.1007/s11747-019-00696-0,"Abstract In the future, artificial intelligence (AI) is likely to substantially change both marketing strategies and customer behaviors. Building from not only extant research but also extensive interactions with practice, the authors propose a multidimensional framework for understanding the impact of AI involving intelligence levels, task types, and whether AI is embedded in a robot. Prior research typically addresses a subset of these dimensions; this paper integrates all three into a single framework. Next, the authors propose a research agenda that addresses not only how marketing strategies and customer behaviors will change in the future, but also highlights important policy questions relating to privacy, bias and ethics. Finally, the authors suggest AI will be more effective if it augments (rather than replaces) human managers.",False,ai_adoption; firm_ai_investment,,,,,,,
Digital Economics,2019,Avi Goldfarb; Catherine E. Tucker,Journal of Economic Literature,2376,https://doi.org/10.1257/jel.20171452,"Digital technology is the representation of information in bits. This technology has reduced the cost of storage, computation, and transmission of data. Research on digital economics examines whether and how digital technology changes economic activity. In this review, we emphasize the reduction in five distinct economic costs associated with digital economic activity: search costs, replication costs, transportation costs, tracking costs, and verification costs. (JEL D24, D83, L86, O33, R41)",False,it_adoption_history,,,,,,,
Artificial Intelligence and Management: The Automation–Augmentation Paradox,2021,Sebastian Raisch; Sebastian Krakowski,Academy of Management Review,1977,https://doi.org/10.5465/amr.2018.0072,"Taking three recent business books on artificial intelligence (AI) as a starting point, we explore the automation and augmentation concepts in the management domain. Whereas automation implies that machines take over a human task, augmentation means that humans collaborate closely with machines to perform a task. Taking a normative stance, the three books advise organizations to prioritize augmentation, which they relate to superior performance. Using a more comprehensive paradox theory perspective, we argue that, in the management domain, augmentation cannot be neatly separated from automation. These dual AI applications are interdependent across time and space, creating a paradoxical tension. Overemphasizing either augmentation or automation fuels reinforcing cycles with negative organizational and societal outcomes. However, if organizations adopt a broader perspective comprising both automation and augmentation, they could deal with the tension and achieve complementarities that benefit business and society. Drawing on our insights, we conclude that management scholars need to be involved in research on the use of AI in organizations. We also argue that a substantial change is required in how AI research is currently conducted in order to develop meaningful theory and to provide practice with sound advice.",False,firm_ai_investment,,,,,,,
Interpreting Black-Box Models: A Review on Explainable Artificial Intelligence,2023,Vikas Hassija; Vinay Chamola; Atmesh Mahapatra; Abhinandan Singal; Divyansh Goel; Kaizhu Huang,Cognitive Computation,1824,https://doi.org/10.1007/s12559-023-10179-8,"Abstract Recent years have seen a tremendous growth in Artificial Intelligence (AI)-based methodological development in a broad range of domains. In this rapidly evolving field, large number of methods are being reported using machine learning (ML) and Deep Learning (DL) models. Majority of these models are inherently complex and lacks explanations of the decision making process causing these models to be termed as 'Black-Box'. One of the major bottlenecks to adopt such models in mission-critical application domains, such as banking, e-commerce, healthcare, and public services and safety, is the difficulty in interpreting them. Due to the rapid proleferation of these AI models, explaining their learning and decision making process are getting harder which require transparency and easy predictability. Aiming to collate the current state-of-the-art in interpreting the black-box models, this study provides a comprehensive analysis of the explainable AI (XAI) models. To reduce false negative and false positive outcomes of these back-box models, finding flaws in them is still difficult and inefficient. In this paper, the development of XAI is reviewed meticulously through careful selection and analysis of the current state-of-the-art of XAI research. It also provides a comprehensive and in-depth evaluation of the XAI frameworks and their efficacy to serve as a starting point of XAI for applied and theoretical researchers. Towards the end, it highlights emerging and critical issues pertaining to XAI research to showcase major, model-specific trends for better explanation, enhanced transparency, and improved prediction accuracy.",False,ai_patents_value,,,,,,,
Identifying Technology Spillovers and Product Market Rivalry,2013,Nicholas Bloom; Mark Schankerman; John Van Reenen,Econometrica,1755,https://doi.org/10.3982/ecta9466,"The impact of R&D on growth through spillovers has been a major topic of economic research over the last thirty years. A central problem in the literature is that firm performance is affected by two countervailing “spillovers” : a positive effect from technology (knowledge) spillovers and a negative business stealing effects from product market rivals. We develop a general framework incorporating these two types of spillovers and implement this model using measures of a firm's position in technology space and productmarket space. Using panel data on U.S. firms, we show that technology spillovers quantitatively dominate, so that the gross social returns to R&D are at least twice as high as the private returns. We identify the causal effect of R&D spillovers by using changes in federal and state tax incentives for R&D. We also find that smaller firms generate lower social returns to R&D because they operate more in technological niches. Finally, we detail the desirable properties of an ideal spillover measure and how existing approaches, including our new Mahalanobis measure, compare to these criteria.",False,it_adoption_history,,,,,,,
"Digital Twin: Values, Challenges and Enablers From a Modeling Perspective",2020,Adil Rasheed; Omer San; Trond Kvamsdal,IEEE Access,1753,https://doi.org/10.1109/access.2020.2970143,"Digital twin can be defined as a virtual representation of a physical asset enabled through data and simulators for real-time prediction, optimization, monitoring, controlling, and improved decision making. Recent advances in computational pipelines, multiphysics solvers, artificial intelligence, big data cybernetics, data processing and management tools bring the promise of digital twins and their impact on society closer to reality. Digital twinning is now an important and emerging trend in many applications. Also referred to as a computational megamodel, device shadow, mirrored system, avatar or a synchronized virtual prototype, there can be no doubt that a digital twin plays a transformative role not only in how we design and operate cyber-physical intelligent systems, but also in how we advance the modularity of multi-disciplinary systems to tackle fundamental barriers not addressed by the current, evolutionary modeling practices. In this work, we review the recent status of methodologies and techniques related to the construction of digital twins mostly from a modeling perspective. Our aim is to provide a detailed coverage of the current challenges and enabling technologies along with recommendations and reflections for various stakeholders.",False,ai_patents_value,,,,,,,
Business Model Design and the Performance of Entrepreneurial Firms,2007,Christoph Zott; Raphael Amit,Organization Science,1681,https://doi.org/10.1287/orsc.1060.0232,"We focus on the design of an organization’s set of boundary-spanning transactions—business model design—and ask how business model design affects the performance of entrepreneurial firms. By extending and integrating theoretical perspectives that inform the study of boundary-spanning organization design, we propose hypotheses about the impact of efficiency-centered and novelty-centered business model design on the performance of entrepreneurial firms. To test these hypotheses, we developed and analyzed a unique data set of 190 entrepreneurial firms that were publicly listed on U.S. and European stock exchanges. The empirical results show that novelty-centered business model design matters to the performance of entrepreneurial firms. Our analysis also shows that this positive relationship is remarkably stable across time, even under varying environmental regimes. Additionally, we find indications of potential diseconomies of scope in design; that is, entrepreneurs’ attempts to incorporate both efficiency- and novelty-centered design elements into their business models may be counterproductive.",False,it_adoption_history,,,,,,,
Mandatory CSR and sustainability reporting: economic analysis and literature review,2021,Hans Bonde Christensen; Luzi Hail; Christian Leuz,Review of Accounting Studies,1679,https://doi.org/10.1007/s11142-021-09609-5,"Abstract This study collates potential economic effects of mandated disclosure and reporting standards for corporate social responsibility (CSR) and sustainability topics. We first outline key features of CSR reporting. Next, we draw on relevant academic literatures in accounting, finance, economics, and management to discuss and evaluate the potential economic consequences of a requirement for CSR and sustainability reporting for U.S. firms, including effects in capital markets, on stakeholders other than investors, and on firm behavior. We also discuss issues related to the implementation and enforcement of CSR and sustainability reporting standards as well as two approaches to sustainability reporting that differ in their overarching goals and materiality standards. Our analysis yields a number of insights that are relevant for the current debate on mandatory CSR and sustainability reporting. It also points scholars to avenues for future research.",False,ai_disclosure_nlp,,,,,,,
Understanding Productivity: Lessons from Longitudinal Microdata,2000,Eric J. Bartelsman; Mark Doms,Journal of Economic Literature,1639,https://doi.org/10.1257/jel.38.3.569,"This paper reviews research that uses longitudinal microdata to document productivity movements and to examine factors behind productivity growth. The research explores the dispersion of productivity across firms and establishments, the persistence of productivity differentials, the consequences of entry and exit, and the contribution of resource reallocation across firms to aggregate productivity growth. The research also reveals important factors correlated with productivity growth, such as managerial ability, technology use, human capital, and regulation. The more advanced literature in the field has begun to address the more difficult questions of the causality between these factors and productivity growth.",False,it_adoption_history,,,,,,,
Sparks of Artificial General Intelligence: Early experiments with GPT-4,2023,Sébastien Bubeck; Varun Chandrasekaran; Ronen Eldan; Johannes Gehrke; Eric Horvitz; Ece Kamar,arXiv (Cornell University),1558,https://doi.org/10.48550/arxiv.2303.12712,"Artificial intelligence (AI) researchers have been developing and refining large language models (LLMs) that exhibit remarkable capabilities across a variety of domains and tasks, challenging our understanding of learning and cognition. The latest model developed by OpenAI, GPT-4, was trained using an unprecedented scale of compute and data. In this paper, we report on our investigation of an early version of GPT-4, when it was still in active development by OpenAI. We contend that (this early version of) GPT-4 is part of a new cohort of LLMs (along with ChatGPT and Google's PaLM for example) that exhibit more general intelligence than previous AI models. We discuss the rising capabilities and implications of these models. We demonstrate that, beyond its mastery of language, GPT-4 can solve novel and difficult tasks that span mathematics, coding, vision, medicine, law, psychology and more, without needing any special prompting. Moreover, in all of these tasks, GPT-4's performance is strikingly close to human-level performance, and often vastly surpasses prior models such as ChatGPT. Given the breadth and depth of GPT-4's capabilities, we believe that it could reasonably be viewed as an early (yet still incomplete) version of an artificial general intelligence (AGI) system. In our exploration of GPT-4, we put special emphasis on discovering its limitations, and we discuss the challenges ahead for advancing towards deeper and more comprehensive versions of AGI, including the possible need for pursuing a new paradigm that moves beyond next-word prediction. We conclude with reflections on societal influences of the recent technological leap and future research directions.",False,ai_disclosure_nlp,,,,,,,
Why Do Management Practices Differ across Firms and Countries?,2010,Nicholas Bloom; John Van Reenen,The Journal of Economic Perspectives,1488,https://doi.org/10.1257/jep.24.1.203,"Economists have long puzzled over the astounding differences in productivity between firms and countries. In this paper, we present evidence on a possible explanation for persistent differences in productivity at the firm and the national level—namely, that such differences largely reflect variations in management practices. We have, over the last decade, undertaken a large survey research program to systematically measure management practices across firms, industries, and countries. Our survey approach focuses on aspects of management like systematic performance monitoring, setting appropriate targets, and providing incentives for good performance. We explain how we measure management; identify some basic patterns in our data; then turn to the question of why management practices vary so much across firms and nations. What we find is a combination of imperfectly competitive markets, family ownership of firms, regulations restricting management practices, and informational barriers allow bad management to persist.",False,it_adoption_history,,,,,,,
Measuring and Explaining Management Practices Across Firms and Countries,2006,Nick Bloom; John Van Reenen,National Bureau of Economic Research,1468,https://doi.org/10.3386/w12216,"We use an innovative survey tool to collect management practice data from 732 medium sized manufacturing firms in the US, France, Germany and the UK. These measures of managerial practice are strongly associated with firm-level productivity, profitability, Tobin's Q, sales growth and survival rates. Management practices also display significant cross-country differences with US firms on average better managed than European firms, and significant within-country differences with a long tail of extremely badly managed firms. We find that poor management practices are more prevalent when (a) product market competition is weak and/or when (b) family-owned firms pass management control down to the eldest sons (primo geniture). European firms report lower levels of competition, while French and British firms also report substantially higher levels of primo geniture due to the influence of Norman legal origin and generous estate duty for family firms. We calculate that product market competition and family firms account for about half of the long tail of badly managed firms and up to two thirds of the American advantage over Europe in management practices.",False,it_adoption_history,,,,,,,
How Technology Is Changing Work and Organizations,2016,Wayne F. Cascio; Ramiro Montealegre,Annual Review of Organizational Psychology and Organizational Behavior,1115,https://doi.org/10.1146/annurev-orgpsych-041015-062352,"Given the rapid advances and the increased reliance on technology, the question of how it is changing work and employment is highly salient for scholars of organizational psychology and organizational behavior (OP/OB). This article attempts to interpret the progress, direction, and purpose of current research on the effects of technology on work and organizations. After a review of key breakthroughs in the evolution of technology, we consider the disruptive effects of emerging information and communication technologies. We then examine numbers and types of jobs affected by developments in technology, and how this will lead to significant worker dislocation. To illustrate technology's impact on work, work systems, and organizations, we present four popular technologies: electronic monitoring systems, robots, teleconferencing, and wearable computing devices. To provide insights regarding what we know about the effects of technology for OP/OB scholars, we consider the results of research conducted from four different perspectives on the role of technology in management. We also examine how that role is changing in the emerging world of technology. We conclude by considering approaches to six human resources (HR) areas supported by traditional and emerging technologies, identifying related research questions that should have profound implications both for research and for practice, and providing guidance for future research.",False,it_adoption_history,,,,,,,
Application of Artificial Intelligence-Based Technologies in the Healthcare Industry: Opportunities and Challenges,2021,DonHee Lee; Seong No Yoon,International Journal of Environmental Research and Public Health,988,https://doi.org/10.3390/ijerph18010271,"This study examines the current state of artificial intelligence (AI)-based technology applications and their impact on the healthcare industry. In addition to a thorough review of the literature, this study analyzed several real-world examples of AI applications in healthcare. The results indicate that major hospitals are, at present, using AI-enabled systems to augment medical staff in patient diagnosis and treatment activities for a wide range of diseases. In addition, AI systems are making an impact on improving the efficiency of nursing and managerial activities of hospitals. While AI is being embraced positively by healthcare providers, its applications provide both the utopian perspective (new opportunities) and the dystopian view (challenges to overcome). We discuss the details of those opportunities and challenges to provide a balanced view of the value of AI applications in healthcare. It is clear that rapid advances of AI and related technologies will help care providers create new value for their patients and improve the efficiency of their operational processes. Nevertheless, effective applications of AI will require effective planning and strategies to transform the entire care service and operations to reap the benefits of what technologies offer.",False,ai_adoption,,,,,,,
"IT Assets, Organizational Capabilities, and Firm Performance: How Resource Allocations and Organizational Differences Explain Performance Variation",2007,Sinan Aral; Peter Weill,Organization Science,950,https://doi.org/10.1287/orsc.1070.0306,"Despite evidence of a positive relationship between information technology (IT) investments and firm performance, results still vary across firms and performance measures. We explore two organizational explanations for this variation: differences in firms' IT investment allocations and their IT capabilities. We develop a theoretical model of IT resources, defined as the combination of specific IT assets and organizational IT capabilities. We argue that investments into different IT assets are guided by firms' strategies (e.g., cost leadership or innovation) and deliver value along performance dimensions consistent with their strategic purpose. We hypothesize that firms derive additional value per IT dollar through a mutually reinforcing system of organizational IT capabilities built on complementary practices and competencies. Empirically, we test the impact of IT assets, IT capabilities, and their combination on four dimensions of firm performance: market valuation, profitability, cost, and innovation. Our results—based on data on IT investment allocations and IT capabilities in 147 U.S. firms from 1999 to 2002—demonstrate that IT investment allocations and organizational IT capabilities drive differences in firm performance. Firms' total IT investment is not associated with performance, but investments in specific IT assets explain performance differences along dimensions consistent with their strategic purpose. In addition, a system of organizational IT capabilities strengthens the performance effects of IT assets and broadens their impact beyond their intended purpose. The results help explain variance in returns to IT capital across firms and expand our understanding of alignment between IT and organizations. We illustrate our findings with examples from a case study of 7-Eleven Japan.",False,it_adoption_history,,,,,,,
"Information Technology, Workplace Organization and the Demand for Skilled Labor: Firm-Level Evidence",1999,Timothy F. Bresnahan; Erik Brynjolfsson; Lorin M. Hitt,National Bureau of Economic Research,940,https://doi.org/10.3386/w7136,,False,it_adoption_history,,,,,,,
Artificial intelligence and smart vision for building and construction 4.0: Machine and deep learning methods and applications,2022,Shanaka Kristombu Baduge; Sadeep Thilakarathna; Jude Shalitha Perera; Mehrdad Arashpour; P. Sharafi; Bertrand Teodosio,Automation in Construction,935,https://doi.org/10.1016/j.autcon.2022.104440,"This article presents a state-of-the-art review of the applications of Artificial Intelligence (AI), Machine Learning (ML), and Deep Learning (DL) in building and construction industry 4.0 in the facets of architectural design and visualization; material design and optimization; structural design and analysis; offsite manufacturing and automation; construction management, progress monitoring, and safety; smart operation, building management and health monitoring; and durability, life cycle analysis, and circular economy. This paper presents a unique perspective on applications of AI/DL/ML in these domains for the complete building lifecycle, from conceptual stage, design stage, construction stage, operational and maintenance stage until the end of life. Furthermore, data collection strategies using smart vision and sensors, data cleaning methods (post-processing), data storage for developing these models are discussed, and the challenges in model development and strategies to overcome these challenges are elaborated. Future trends in these domains and possible research avenues are also presented.",False,ai_adoption,,,,,,,
Artificial Intelligence and Jobs: Evidence from Online Vacancies,2022,Daron Acemoğlu; David Autor; Jonathon Hazell; Pascual Restrepo,Journal of Labor Economics,922,https://doi.org/10.1086/718327,"We study the impact of artificial intelligence (AI) on labor markets using establishment-level data on the near universe of online vacancies in the United States from 2010 onward. There is rapid growth in AI-related vacancies over 2010–18 that is driven by establishments whose workers engage in tasks compatible with AI’s current capabilities. As these AI-exposed establishments adopt AI, they simultaneously reduce hiring in non-AI positions and change the skill requirements of remaining postings. While visible at the establishment level, the aggregate impacts of AI-labor substitution on employment and wage growth in more exposed occupations and industries is currently too small to be detectable.",False,ai_adoption; firm_ai_investment,,,,,,,
A Review of the Role of Artificial Intelligence in Healthcare,2023,Ahmed Al Kuwaiti; Khalid Nazer; Abdullah H. Alreedy; Shaher D AlShehri; Afnan Almuhanna; Arun Vijay Subbarayalu,Journal of Personalized Medicine,834,https://doi.org/10.3390/jpm13060951,"Artificial intelligence (AI) applications have transformed healthcare. This study is based on a general literature review uncovering the role of AI in healthcare and focuses on the following key aspects: (i) medical imaging and diagnostics, (ii) virtual patient care, (iii) medical research and drug discovery, (iv) patient engagement and compliance, (v) rehabilitation, and (vi) other administrative applications. The impact of AI is observed in detecting clinical conditions in medical imaging and diagnostic services, controlling the outbreak of coronavirus disease 2019 (COVID-19) with early diagnosis, providing virtual patient care using AI-powered tools, managing electronic health records, augmenting patient engagement and compliance with the treatment plan, reducing the administrative workload of healthcare professionals (HCPs), discovering new drugs and vaccines, spotting medical prescription errors, extensive data storage and analysis, and technology-assisted rehabilitation. Nevertheless, this science pitch meets several technical, ethical, and social challenges, including privacy, safety, the right to decide and try, costs, information and consent, access, and efficacy, while integrating AI into healthcare. The governance of AI applications is crucial for patient safety and accountability and for raising HCPs' belief in enhancing acceptance and boosting significant health consequences. Effective governance is a prerequisite to precisely address regulatory, ethical, and trust issues while advancing the acceptance and implementation of AI. Since COVID-19 hit the global health system, the concept of AI has created a revolution in healthcare, and such an uprising could be another step forward to meet future healthcare needs.",False,ai_adoption; ai_patents_value; firm_ai_investment,,,,,,,
Unlocking the value of artificial intelligence in human resource management through AI capability framework,2022,Soumyadeb Chowdhury; Prasanta Kumar Dey; Sian Joel-Edgar; Sudeshna Bhattacharya; Oscar Rodríguez-Espíndola; Amélie Abadie,Human Resource Management Review,826,https://doi.org/10.1016/j.hrmr.2022.100899,,False,ai_adoption; firm_ai_investment,,,,,,,
Big data analytics and artificial intelligence pathway to operational performance under the effects of entrepreneurial orientation and environmental dynamism: A study of manufacturing organisations,2019,Rameshwar Dubey; Angappa Gunasekaran; Stephen J. Childe; David Bryde; Mihalis Giannakis; Cyril Foropon,International Journal of Production Economics,817,https://doi.org/10.1016/j.ijpe.2019.107599,,False,ai_adoption; firm_ai_investment,,,,,,,
Human resource management in the age of generative artificial intelligence: Perspectives and research directions on ChatGPT,2023,Pawan Budhwar; Soumyadeb Chowdhury; Geoffrey Wood; Herman Aguinis; Greg J. Bamber; Jose R. Beltran,Human Resource Management Journal,789,https://doi.org/10.1111/1748-8583.12524,"Abstract ChatGPT and its variants that use generative artificial intelligence (AI) models have rapidly become a focal point in academic and media discussions about their potential benefits and drawbacks across various sectors of the economy, democracy, society, and environment. It remains unclear whether these technologies result in job displacement or creation, or if they merely shift human labour by generating new, potentially trivial or practically irrelevant, information and decisions. According to the CEO of ChatGPT, the potential impact of this new family of AI technology could be as big as “the printing press”, with significant implications for employment, stakeholder relationships, business models, and academic research, and its full consequences are largely undiscovered and uncertain. The introduction of more advanced and potent generative AI tools in the AI market, following the launch of ChatGPT, has ramped up the “AI arms race”, creating continuing uncertainty for workers, expanding their business applications, while heightening risks related to well‐being, bias, misinformation, context insensitivity, privacy issues, ethical dilemmas, and security. Given these developments, this perspectives editorial offers a collection of perspectives and research pathways to extend HRM scholarship in the realm of generative AI. In doing so, the discussion synthesizes the literature on AI and generative AI, connecting it to various aspects of HRM processes, practices, relationships, and outcomes, thereby contributing to shaping the future of HRM research.",False,ai_adoption; firm_ai_investment,,,,,,,
The Skill Complementarity of Broadband Internet *,2015,Anders Åkerman; Ingvil Gaarder; Magne Mogstad,The Quarterly Journal of Economics,773,https://doi.org/10.1093/qje/qjv028,"Abstract Does adoption of broadband internet in firms enhance labor productivity and increase wages? Is this technological change skill biased or factor neutral? We combine several Norwegian data sets to answer these questions. A public program with limited funding rolled out broadband access points and provides plausibly exogenous variation in the availability and adoption of broadband internet in firms. Our results suggest that broadband internet improves (worsens) the labor market outcomes and productivity of skilled (unskilled) workers. We explore several possible explanations for the skill complementarity of broadband internet. We find suggestive evidence that broadband adoption in firms complements skilled workers in executing nonroutine abstract tasks, and substitutes for unskilled workers in performing routine tasks. Taken together, our findings have important implications for the ongoing policy debate over government investment in broadband infrastructure to encourage productivity and wage growth.",False,it_adoption_history,,,,,,,
The Rapid Adoption of Data-Driven Decision-Making,2016,Erik Brynjolfsson; Kristina McElheran,American Economic Review,750,https://doi.org/10.1257/aer.p20161016,"We provide a systematic empirical study of the diffusion and adoption patterns of data-driven decision making (DDD) in the U.S. Using data collected by the Census Bureau for a large representative sample of manufacturing plants, we find that DDD rates nearly tripled (11%-30%) between 2005 and 2010. This rapid diffusion, along with results from a companion paper, are consistent with case-based evidence that DDD tends to be productivity-enhancing. Yet certain plants are significantly more likely to adopt than others. Key correlates of adoption are size, presence of potential complements such as information technology and educated workers, and firm learning.",False,it_adoption_history,,,,,,,
The Organization of Firms Across Countries*,2012,Nicholas Bloom; Raffaella Sadun; John Van Reenen,The Quarterly Journal of Economics,733,https://doi.org/10.1093/qje/qje029,"Abstract We argue that social capital as proxied by trust increases aggregate productivity by affecting the organization of firms. To do this we collect new data on the decentralization of investment, hiring, production, and sales decisions from corporate headquarters to local plant managers in almost 4,000 firms in the United States, Europe, and Asia. We find that firms headquartered in high-trust regions are significantly more likely to decentralize. To help identify causal effects, we look within multinational firms and show that higher levels of bilateral trust between the multinational’s country of origin and subsidiary’s country of location increases decentralization, even after instrumenting trust using religious similarities between the countries. Finally, we show evidence suggesting that trust raises aggregate productivity by facilitating reallocation between firms and allowing more efficient firms to grow, as CEOs can decentralize more decisions.",False,it_adoption_history,,,,,,,
The impact of artificial intelligence on learner–instructor interaction in online learning,2021,Kyoungwon Seo; Joice Tang; Ido Roll; Sidney Fels; Dongwook Yoon,International Journal of Educational Technology in Higher Education,721,https://doi.org/10.1186/s41239-021-00292-9,"Artificial intelligence (AI) systems offer effective support for online learning and teaching, including personalizing learning for students, automating instructors' routine tasks, and powering adaptive assessments. However, while the opportunities for AI are promising, the impact of AI systems on the culture of, norms in, and expectations about interactions between students and instructors are still elusive. In online learning, learner-instructor interaction (inter alia, communication, support, and presence) has a profound impact on students' satisfaction and learning outcomes. Thus, identifying how students and instructors perceive the impact of AI systems on their interaction is important to identify any gaps, challenges, or barriers preventing AI systems from achieving their intended potential and risking the safety of these interactions. To address this need for forward-looking decisions, we used Speed Dating with storyboards to analyze the authentic voices of 12 students and 11 instructors on diverse use cases of possible AI systems in online learning. Findings show that participants envision adopting AI systems in online learning can enable personalized learner-instructor interaction at scale but at the risk of violating social boundaries. Although AI systems have been positively recognized for improving the quantity and quality of communication, for providing just-in-time, personalized support for large-scale settings, and for improving the feeling of connection, there were concerns about responsibility, agency, and surveillance issues. These findings have implications for the design of AI systems to ensure explainability, human-in-the-loop, and careful data collection and presentation. Overall, contributions of this study include the design of AI system storyboards which are technically feasible and positively support learner-instructor interaction, capturing students' and instructors' concerns of AI systems through Speed Dating, and suggesting practical implications for maximizing the positive impact of AI systems while minimizing the negative ones.",False,ai_adoption,,,,,,,
The impact of big data analytics and artificial intelligence on green supply chain process integration and hospital environmental performance,2021,Smaïl Benzidia; Naouel Makaoui; Omar Bentahar,Technological Forecasting and Social Change,672,https://doi.org/10.1016/j.techfore.2020.120557,,False,firm_ai_investment,,,,,,,
"Technology, Information, and the Decentralization of the Firm",2007,Daron Acemoğlu; Philippe Aghion; Claire Lelarge; John Van Reenen; Fabrizio Zilibotti,The Quarterly Journal of Economics,541,https://doi.org/10.1162/qjec.2007.122.4.1759,"This paper analyzes the relationship between the diffusion of new technologies and the decentralization of firms. Centralized control relies on the information of the principal, which we equate with publicly available information. Decentralized control, on the other hand, delegates authority to a manager with superior information. However, the manager can use his informational advantage to make choices that are not in the best interest of the principal. As the available public information about the specific technology increases, the tradeoff shifts in favor of centralization. We show that firms closer to the technological frontier, firms in more heterogeneous environments, and younger firms are more likely to choose decentralization. Using three data sets on French and British firms in the 1990s, we report robust correlations consistent with these predictions.",False,it_adoption_history,,,,,,,
The dark side of generative artificial intelligence: A critical analysis of controversies and risks of ChatGPT,2023,Krzysztof Wach; Cong Doanh Duong; Joanna Ejdys; Rūta Kazlauskaitė; Paweł Korzyński; Grzegorz Mazurek,Entrepreneurial Business and Economics Review,532,https://doi.org/10.15678/eber.2023.110201,"Objective: The objective of the article is to provide a comprehensive identification and understanding of the challenges and opportunities associated with the use of generative artificial intelligence (GAI) in business. This study sought to develop a conceptual framework that gathers the negative aspects of GAI development in management and economics, with a focus on ChatGPT. Research Design & Methods: The study employed a narrative and critical literature review and developed a conceptual framework based on prior literature. We used a line of deductive reasoning in formulating our theoretical framework to make the study's overall structure rational and productive. Therefore, this article should be viewed as a conceptual article that highlights the controversies and threats of GAI in management and economics, with ChatGPT as a case study. Findings: Based on the conducted deep and extensive query of academic literature on the subject as well as professional press and Internet portals, we identified various controversies, threats, defects, and disadvantages of GAI, in particular ChatGPT. Next, we grouped the identified threats into clusters to summarize the seven main threats we see. In our opinion they are as follows: (i) no regulation of the AI market and urgent need for regulation, (ii) poor quality, lack of quality control, disinformation, deepfake content, algorithmic bias, (iii) automation-spurred job losses, (iv) personal data violation, social surveillance, and privacy violation, (v) social manipulation, weakening ethics and goodwill, (vi) widening socio-economic inequalities, and (vii) AI technostress. Implications & Recommendations: It is important to regulate the AI/GAI market. Advocating for the regulation of the AI market is crucial to ensure a level playing field, promote fair competition, protect intellectual property rights and privacy, and prevent potential geopolitical risks. The changing job market requires workers to continuously acquire new (digital) skills through education and retraining. As the training of AI systems becomes a prominent job category, it is important to adapt and take advantage of new opportunities. To mitigate the risks related to personal data violation, social surveillance, and privacy violation, GAI developers must prioritize ethical considerations and work to develop systems that prioritize user privacy and security. To avoid social manipulation and weaken ethics and goodwill, it is important to implement responsible AI practices and ethical guidelines: transparency in data usage, bias mitigation techniques, and monitoring of generated content for harmful or misleading information. Contribution & Value Added: This article may aid in bringing attention to the significance of resolving the ethical and legal considerations that arise from the use of GAI and ChatGPT by drawing attention to the controversies and hazards associated with these technologies.",False,ai_patents_value,,,,,,,
"A systematic literature review of artificial intelligence in the healthcare sector: Benefits, challenges, methodologies, and functionalities",2023,Omar Ali; Wiem Abdelbaki; Anup Shrestha; Ersin Elbaşı; Mohammad Abdallah Ali Alryalat; Yogesh K. Dwivedi,Journal of Innovation & Knowledge,529,https://doi.org/10.1016/j.jik.2023.100333,"Administrative and medical processes of the healthcare organizations are rapidly changing because of the use of artificial intelligence (AI) systems. This change demonstrates the critical impact of AI at multiple activities, particularly in medical processes related to early detection and diagnosis. Previous studies suggest that AI can raise the quality of services in the healthcare industry. AI-based technologies have reported to improve human life quality, making life easier, safer and more productive. This study presents a systematic review of academic articles on the application of AI in the healthcare sector. The review initially considered 1,988 academic articles from major scholarly databases. After a careful review, the list was filtered down to 180 articles for full analysis to present a classification framework based on four dimensions: AI-enabled healthcare benefits, challenges, methodologies, and functionalities. It was identified that AI continues to significantly outperform humans in terms of accuracy, efficiency and timely execution of medical and related administrative processes. Benefits for patients’ map directly to the relevant AI functionalities in the categories of diagnosis, treatment, consultation and health monitoring for self-management of chronic conditions. Implications for future research directions are identified in the areas of value-added healthcare services for medical decision-making, security and privacy for patient data, health monitoring features, and creative IT service delivery models using AI.",False,firm_ai_investment,,,,,,,
Towards Transparency by Design for Artificial Intelligence,2020,Heike Felzmann; Eduard Fosch‐Villaronga; Christoph Lutz; Aurelia Tamò‐Larrieux,Science and Engineering Ethics,526,https://doi.org/10.1007/s11948-020-00276-4,"In this article, we develop the concept of Transparency by Design that serves as practical guidance in helping promote the beneficial functions of transparency while mitigating its challenges in automated-decision making (ADM) environments. With the rise of artificial intelligence (AI) and the ability of AI systems to make automated and self-learned decisions, a call for transparency of how such systems reach decisions has echoed within academic and policy circles. The term transparency, however, relates to multiple concepts, fulfills many functions, and holds different promises that struggle to be realized in concrete applications. Indeed, the complexity of transparency for ADM shows tension between transparency as a normative ideal and its translation to practical application. To address this tension, we first conduct a review of transparency, analyzing its challenges and limitations concerning automated decision-making practices. We then look at the lessons learned from the development of Privacy by Design, as a basis for developing the Transparency by Design principles. Finally, we propose a set of nine principles to cover relevant contextual, technical, informational, and stakeholder-sensitive considerations. Transparency by Design is a model that helps organizations design transparent AI systems, by integrating these principles in a step-by-step manner and as an ex-ante value, not as an afterthought.",False,ai_adoption,,,,,,,
"The malicious use of artificial intelligence: Forecasting, prevention, and mitigation",2018,Miles Brundage; Shahar Avin; Jack Clark; Helen Toner; Peter Eckersley; Ben Garfinkel,Apollo (University of Cambridge),525,https://doi.org/10.17863/cam.22520,"This report surveys the landscape of potential security threats from malicious uses of AI, and proposes ways to better forecast, prevent, and mitigate these threats. After analyzing the ways in which AI may influence the threat landscape in the digital, physical, and political domains, we make four high-level recommendations for AI researchers and other stakeholders. We also suggest several promising areas for further research that could expand the portfolio of defenses, or make attacks less effective or harder to execute. Finally, we discuss, but do not conclusively resolve, the long-term equilibrium of attackers and defenders.",False,ai_adoption; firm_ai_investment,,,,,,,
Innovation and Productivity: An Update,2013,Pierre Mohnen; Bronwyn H. Hall,Eurasian Economic Review,500,https://doi.org/10.14208/bf03353817,,False,it_adoption_history,,,,,,,
From Anecdotal Evidence to Quantitative Evaluation Methods: A Systematic Review on Evaluating Explainable AI,2023,Meike Nauta; Jan Trienes; Shreyasi Pathak; Elisa Nguyen; Michelle Peters; Yasmin Schmitt,ACM Computing Surveys,492,https://doi.org/10.1145/3583558,"The rising popularity of explainable artificial intelligence (XAI) to understand high-performing black boxes raised the question of how to evaluate explanations of machine learning (ML) models. While interpretability and explainability are often presented as a subjectively validated binary property, we consider it a multi-faceted concept. We identify 12 conceptual properties, such as Compactness and Correctness, that should be evaluated for comprehensively assessing the quality of an explanation. Our so-called Co-12 properties serve as categorization scheme for systematically reviewing the evaluation practices of more than 300 papers published in the past 7 years at major AI and ML conferences that introduce an XAI method. We find that one in three papers evaluate exclusively with anecdotal evidence, and one in five papers evaluate with users. This survey also contributes to the call for objective, quantifiable evaluation methods by presenting an extensive overview of quantitative XAI evaluation methods. Our systematic collection of evaluation methods provides researchers and practitioners with concrete tools to thoroughly validate, benchmark, and compare new and existing XAI methods. The Co-12 categorization scheme and our identified evaluation methods open up opportunities to include quantitative metrics as optimization criteria during model training to optimize for accuracy and interpretability simultaneously.",False,ai_disclosure_nlp,,,,,,,
Managing Artificial Intelligence,2021,Nicholas Berente; Bin Gu; Jan Recker; Radhika Santhanam,MIS Quarterly,465,https://doi.org/10.25300/misq/2021/16274,"Managing artificial intelligence (AI) marks the dawn of a new age of information technology management. Managing AI involves communicating, leading, coordinating, and controlling an ever-evolving frontier of computational advancements that references human intelligence in addressing ever more complex decisionmaking problems. It means making decisions about three related, interdependent facets of AI—autonomy, learning, and inscrutability—in the ongoing quest to push the frontiers of performance and scope of AI. We demonstrate how the frontiers of AI have shifted with time, and explain how the seven exemplar studies included in this special issue are helping us learn about management at the frontiers of AI. We close by speculating about future frontiers in managing AI and what role information systems scholarship has in exploring and shaping this future.",False,firm_ai_investment,,,,,,,
The effects of digital transformation on innovation and productivity: Firm-level evidence of South African manufacturing micro and small enterprises,2022,Cyrielle Gaglio; Erika Kraemer‐Mbula; Edward Lorenz,Technological Forecasting and Social Change,422,https://doi.org/10.1016/j.techfore.2022.121785,"This paper studies the relationships among the use of digital communication technologies, innovation performance and productivity, using an extended version of the Crepon-Duguet-Mairesse (1998) model, for a sample of micro and small enterprises (MSEs) in a middle-income country, South Africa. Based on the results of an original survey carried out in 2019, we investigate these links for a sample of 711 manufacturing MSEs located in Johannesburg. We estimate the relationships sequentially, firstly estimating the relationship between digitalization and innovation, and secondly the relationship between innovation and productivity. Our results show that selected digital communication technologies including the use of social media and of a business mobile phone for surfing the internet have a positive effect on innovation, and that innovation conditional on the use of these technologies has a positive effect on labor productivity. The findings suggest that public programs aimed at fostering inclusive digitalization must consider the types of digital technologies that are most accessible and beneficial to small firms, including those operating informally.",False,it_adoption_history,,,,,,,
Artificial intelligence as an enabler for entrepreneurs: a systematic literature review and an agenda for future research,2022,Guglielmo Giuggioli; Massimiliano Matteo Pellegrini,International Journal of Entrepreneurial Behaviour & Research,379,https://doi.org/10.1108/ijebr-05-2021-0426,"Purpose While the disruptive potential of artificial intelligence (AI) has been receiving growing consensus with regards to its positive influence on entrepreneurship, there is a clear lack of systematization in academic literature pertaining to this correlation. The current research seeks to explore the impact of AI on entrepreneurship as an enabler for entrepreneurs, taking into account the crucial application of AI within all Industry 4.0 technological paradigms, such as smart factory, the Internet of things (IoT), augmented reality (AR) and blockchain. Design/methodology/approach A systematic literature review was used to analyze all relevant studies forging connections between AI and entrepreneurship. The cluster interpretation follows a structure that we called the “AI-enabled entrepreneurial process.” Findings This study proves that AI has profound implications when it comes to entrepreneurship and, in particular, positively impacts entrepreneurs in four ways: through opportunity, decision-making, performance, and education and research. Practical implications The framework's practical value is linked to its applications for researchers, entrepreneurs and aspiring entrepreneurs (as well as those acting entrepreneurially within established organizations) who want to unleash the power of AI in an entrepreneurial setting. Originality/value This research offers a model through which to interpret the impact of AI on entrepreneurship, systematizing disconnected studies on the topic and arranging contributions into paradigms of entrepreneurial and managerial literature.",False,ai_disclosure_nlp,,,,,,,
"Making the ‘MOST’ out of RFID technology: a research agenda for the study of the adoption, usage and impact of RFID",2007,John P. Curtin; Robert J. Kauffman; Frederick J. Riggins,Information Technology and Management,356,https://doi.org/10.1007/s10799-007-0010-1,,False,it_adoption_history,,,,,,,
Emotional intelligence or artificial intelligence– an employee perspective,2019,Catherine Prentice; Sergio Dominique Lopes; Xuequn Wang,Journal of Hospitality Marketing & Management,353,https://doi.org/10.1080/19368623.2019.1647124,Emotional intelligence as personal intelligence and artificial intelligence as a machine intelligence have been popular in the relevant literature over the last two decades. The current study integrates these two concepts and explores how emotional and artificial intelligence influences employee retention and performance with a focus on service employees in the hotel industry. Employee performance is operationalised into internal and external dimensions that captures employees’ task efficiency over both internal and external service encounters with co-workers and customers respectively. The data were collected from a variety of different ranking hotels. The results show that emotional intelligence has a significant effect on employee retention and performance; whereas artificial intelligence plays a significant moderating role in employee performance. A discussion of the findings and implications concludes this paper.,False,ai_adoption,,,,,,,
Generative artificial intelligence in innovation management: A preview of future research developments,2024,Marcello M. Mariani; Yogesh K. Dwivedi,Journal of Business Research,347,https://doi.org/10.1016/j.jbusres.2024.114542,"This study outlines the future research opportunities related to Generative Artificial Intelligence (GenAI) in innovation management. To this end, it combines a review of the academic literature with the results of a Delphi study involving leading innovation management scholars. Ten major research themes emerged that can guide future research developments at the intersection of GenAI and innovation management: 1) Gen AI and innovation types; 2) GenAI, dominant designs and technology evolution; 3) Scientific and artistic creativity and GenAI-enabled innovations; 4) GenAI-enabled innovations and intellectual property; 5) GenAI and new product development; 6) Multimodal/unimodal GenAI and innovation outcomes; 7) GenAI, agency and ecosystems; 8) Policymakers, lawmakers and anti-trust authorities in the regulation of GenAI-enabled innovation; 9) Misuse and unethical use of GenAI leading to biased innovation; and 10) Organizational design and boundaries for GenAI-enabled innovation. The paper concludes by discussing how these themes can inform theoretical development in innovation management studies.",False,ai_patents_value,,,,,,,
Information Technology and Firm Boundaries: Evidence from Panel Data,1999,Lorin M. Hitt,Information Systems Research,347,https://doi.org/10.1287/isre.10.2.134,"Previous literature has suggested that information technology (IT) can affect firm boundaries by changing the costs of coordinating economic activity within and between firms (internal and external coordination). This paper examines the empirical relationship between IT and firm structure and evaluates whether this structure is consistent with prior arguments about IT and coordination. We formulate an empirical model to relate the use of information technology capital to vertical integration and diversification. This model is tested using an 8-year panel data set of information technology capital stock, firm structure, and relevant control variables for 549 large firms. Overall, increased use of IT is found to be associated with substantial decreases in vertical integration and weak increases in diversification. In addition, firms that are less vertically integrated and more diversified have a higher demand for IT capital. While we cannot rule out all alternative explanations for these results, they are consistent with previous theoretical arguments that both internal and external coordination costs are reduced by IT.",False,it_adoption_history,,,,,,,
The Impact of Artificial Intelligence and Blockchain on the Accounting Profession,2020,Yingying Zhang; Feng Xiong; Yi Xie; Xuan Fan; GU Hai-feng,IEEE Access,344,https://doi.org/10.1109/access.2020.3000505,"Recent developments in technology have introduced dramatic changes to the practice of the accounting profession. This paper provides a comprehensive review of current developments in big data, machine learning, artificial intelligence, and blockchain utilized in general business practice and by specialized practitioners in the accounting profession worldwide. This paper explores the evolution of the accounting profession following these recent technological developments and assesses the impact of future developments. Inherent challenges and opportunities posed by these new technologies pertaining to accounting professionals and accounting educators are also examined, including an increased demand for IT professionals with accounting experience as opposed to accounting major graduates. Considering the dramatic changes and developments of AI applications in accounting, this paper reflects how all these technologies and the associated requirements of job candidates will affect the desired capabilities of accounting graduates and provides further discussion regarding what higher institutions and their accounting graduates can do to adopt such changes.",False,ai_disclosure_nlp; ai_patents_value; firm_ai_investment,,,,,,,
Artificial Intelligence and Blockchain Integration in Business: Trends from a Bibliometric-Content Analysis,2022,Satish Kumar; Weng Marc Lim; Uthayasankar Sivarajah; Jaspreet Kaur,Information Systems Frontiers,344,https://doi.org/10.1007/s10796-022-10279-0,"Artificial intelligence (AI) and blockchain are the two disruptive technologies emerging from the Fourth Industrial Revolution (IR4.0) that have introduced radical shifts in the industry. The amalgamation of AI and blockchain holds tremendous potential to create new business models enabled through digitalization. Although research on the application and convergence of AI and blockchain exists, our understanding of the utility of its integration for business remains fragmented. To address this gap, this study aims to characterize the applications and benefits of integrated AI and blockchain platforms across different verticals of business. Using bibliometric analysis, this study reveals the most influential articles on the subject based on their publications, citations, and importance in the intellectual network. Using content analysis, this study sheds light on the subject's intellectual structure, which is underpinned by four major thematic clusters focusing on supply chains, healthcare, secure transactions, and finance and accounting. The study concludes with 10 application areas in business that can benefit from these technologies.",False,ai_patents_value,,,,,,,
Evaluation of Sentiment Analysis in Finance: From Lexicons to Transformers,2020,Kostadin Mishev; Ana Gjorgjevikj; Irena Vodenska; Lubomir T. Chitkushev; Dimitar Trajanov,IEEE Access,332,https://doi.org/10.1109/access.2020.3009626,"Financial and economic news is continuously monitored by financial market participants. According to the efficient market hypothesis, all past information is reflected in stock prices and new information is instantaneously absorbed in determining future stock prices. Hence, prompt extraction of positive or negative sentiments from news is very important for investment decision-making by traders, portfolio managers and investors. Sentiment analysis models can provide an efficient method for extracting actionable signals from the news. However, financial sentiment analysis is challenging due to domain-specific language and unavailability of large labeled datasets. General sentiment analysis models are ineffective when applied to specific domains such as finance. To overcome these challenges, we design an evaluation platform which we use to assess the effectiveness and performance of various sentiment analysis approaches, based on combinations of text representation methods and machine-learning classifiers. We perform more than one hundred experiments using publicly available datasets, labeled by financial experts. We start the evaluation with specific lexicons for sentiment analysis in finance and gradually build the study to include word and sentence encoders, up to the latest available NLP transformers. The results show improved efficiency of contextual embeddings in sentiment analysis compared to lexicons and fixed word and sentence encoders, even when large datasets are not available. Furthermore, distilled versions of NLP transformers produce comparable results to their larger teacher models, which makes them suitable for use in production environments.",False,ai_disclosure_nlp,,,,,,,
Economics of Artificial Intelligence in Healthcare: Diagnosis vs. Treatment,2022,Narendra N. Khanna; Mahesh Maindarkar; Vijay Viswanathan; José Fernandes e Fernandes; Sudip Paul; Mrinalini Bhagawati,Healthcare,330,https://doi.org/10.3390/healthcare10122493,"Motivation: The price of medical treatment continues to rise due to (i) an increasing population; (ii) an aging human growth; (iii) disease prevalence; (iv) a rise in the frequency of patients that utilize health care services; and (v) increase in the price. Objective: Artificial Intelligence (AI) is already well-known for its superiority in various healthcare applications, including the segmentation of lesions in images, speech recognition, smartphone personal assistants, navigation, ride-sharing apps, and many more. Our study is based on two hypotheses: (i) AI offers more economic solutions compared to conventional methods; (ii) AI treatment offers stronger economics compared to AI diagnosis. This novel study aims to evaluate AI technology in the context of healthcare costs, namely in the areas of diagnosis and treatment, and then compare it to the traditional or non-AI-based approaches. Methodology: PRISMA was used to select the best 200 studies for AI in healthcare with a primary focus on cost reduction, especially towards diagnosis and treatment. We defined the diagnosis and treatment architectures, investigated their characteristics, and categorized the roles that AI plays in the diagnostic and therapeutic paradigms. We experimented with various combinations of different assumptions by integrating AI and then comparing it against conventional costs. Lastly, we dwell on three powerful future concepts of AI, namely, pruning, bias, explainability, and regulatory approvals of AI systems. Conclusions: The model shows tremendous cost savings using AI tools in diagnosis and treatment. The economics of AI can be improved by incorporating pruning, reduction in AI bias, explainability, and regulatory approvals.",False,ai_patents_value,,,,,,,
Artificial Intelligence and Machine Learning Technology Driven Modern Drug Discovery and Development,2023,Chayna Sarkar; Biswadeep Das; Vikram Singh Rawat; Julie Birdie Wahlang; Arvind Nongpiur; Iadarilang Tiewsoh,International Journal of Molecular Sciences,313,https://doi.org/10.3390/ijms24032026,"The discovery and advances of medicines may be considered as the ultimate relevant translational science effort that adds to human invulnerability and happiness. But advancing a fresh medication is a quite convoluted, costly, and protracted operation, normally costing USD ~2.6 billion and consuming a mean time span of 12 years. Methods to cut back expenditure and hasten new drug discovery have prompted an arduous and compelling brainstorming exercise in the pharmaceutical industry. The engagement of Artificial Intelligence (AI), including the deep-learning (DL) component in particular, has been facilitated by the employment of classified big data, in concert with strikingly reinforced computing prowess and cloud storage, across all fields. AI has energized computer-facilitated drug discovery. An unrestricted espousing of machine learning (ML), especially DL, in many scientific specialties, and the technological refinements in computing hardware and software, in concert with various aspects of the problem, sustain this progress. ML algorithms have been extensively engaged for computer-facilitated drug discovery. DL methods, such as artificial neural networks (ANNs) comprising multiple buried processing layers, have of late seen a resurgence due to their capability to power automatic attribute elicitations from the input data, coupled with their ability to obtain nonlinear input-output pertinencies. Such features of DL methods augment classical ML techniques which bank on human-contrived molecular descriptors. A major part of the early reluctance concerning utility of AI in pharmaceutical discovery has begun to melt, thereby advancing medicinal chemistry. AI, along with modern experimental technical knowledge, is anticipated to invigorate the quest for new and improved pharmaceuticals in an expeditious, economical, and increasingly compelling manner. DL-facilitated methods have just initiated kickstarting for some integral issues in drug discovery. Many technological advances, such as ""message-passing paradigms"", ""spatial-symmetry-preserving networks"", ""hybrid de novo design"", and other ingenious ML exemplars, will definitely come to be pervasively widespread and help dissect many of the biggest, and most intriguing inquiries. Open data allocation and model augmentation will exert a decisive hold during the progress of drug discovery employing AI. This review will address the impending utilizations of AI to refine and bolster the drug discovery operation.",False,ai_patents_value,,,,,,,
Digital technology adoption and knowledge flows within firms: Can the Internet overcome geographic and technological distance?,2018,Chris Forman; Nicolas van Zeebroeck,Research Policy,290,https://doi.org/10.1016/j.respol.2018.10.021,,False,it_adoption_history,,,,,,,
Operational research and artificial intelligence methods in banking,2022,Michael Doumpos; Constantin Zopounidis; Dimitrios Gounopoulos; Emmanouil Platanakis; Wenke Zhang,European Journal of Operational Research,171,https://doi.org/10.1016/j.ejor.2022.04.027,"Banking is a popular topic for empirical and methodological research that applies operational research (OR) and artificial intelligence (AI) methods. This article provides a comprehensive and structured bibliographic survey of OR- and AI-based research devoted to the banking industry over the last decade. The article reviews the main topics of this research, including bank efficiency, risk assessment, bank performance, mergers and acquisitions, banking regulation, customer-related studies, and fintech in the banking industry. The survey results provide comprehensive insights into the contributions of OR and AI methods to banking. Finally, we propose several research directions for future studies that include emerging topics and methods based on the survey results.",False,ai_disclosure_nlp,,,,,,,
Economics of ChatGPT: a labor market view on the occupational impact of artificial intelligence,2023,Ali Zarifhonarvar,Journal of Electronic Business & Digital Economics,157,https://doi.org/10.1108/jebde-10-2023-0021,"Purpose The study investigates the influence of ChatGPT on the labor market dynamics, aiming to provide a structured understanding of the changes induced by generative AI technologies. Design/methodology/approach An analysis of existing literature serves as the foundation for understanding the impact, while the supply and demand model helps assess the effects of ChatGPT. A text-mining approach is utilized to analyze the International Standard Occupation Classification, identifying occupations most susceptible to disruption by ChatGPT. Findings The study reveals that 32.8% of occupations could be fully impacted by ChatGPT, while 36.5% might experience a partial impact and 30.7% are likely to remain unaffected. Research limitations/implications While this study offers insights into the potential influence of ChatGPT and other generative AI services on the labor market, it is essential to note that these findings represent potential implications rather than realized labor market effects. Further research is needed to track actual changes in employment patterns and job market dynamics where these AI services are widely adopted. Originality/value This paper contributes to the field by systematically categorizing the level of impact on different occupations, providing a nuanced perspective on the short- and long-term implications of ChatGPT and similar generative AI services on the labor market.",False,ai_disclosure_nlp; ai_patents_value,,,,,,,
"Environmental, social and governance reporting in annual reports: A textual analysis",2020,Philipp Baier; Marc Berninger; Florian Kiesel,Financial Markets Institutions and Instruments,155,https://doi.org/10.1111/fmii.12132,"Abstract Considering environmental, social, and governance (ESG) factors becomes increasingly important for companies and investors. However, “ESG” is not clearly defined so far and, therefore, it is difficult to measure the ESG activity of companies. We analyze the extent and changes in 10‐K reports and proxy statements on ESG, using a textual analysis and creating an ESG dictionary. The results show an average of 4.0 % ESG words on total words in the reports. The ESG word list with 482 items can be used to quantitatively examine the extent of ESG reporting, which will be helpful especially for SRI investors. Our classification of 40 subcategories allows a highly granular analysis of different ESG related aspects. Moreover, indications for a relation between changes in reporting and real events, especially negative media presence, are detected. Regulatory bodies have to be aware of the use of such words and how they are used.",False,ai_disclosure_nlp,,,,,,,
"Technology, Information and the Decentralization of the Firm",2006,Daron Acemoğlu; Philippe Aghion; Claire Lelarge; John Van Reenen; Fabrizio Zilibotti,SSRN Electronic Journal,147,https://doi.org/10.2139/ssrn.898008,,False,it_adoption_history,,,,,,,
The impact of governmental <scp>COVID</scp>‐19 measures on manufacturers' stock market valuations: The role of labor intensity and operational slack,2022,Lujie Chen; Taiyu Li; Fu Jia; Tobias Schoenherr,Journal of Operations Management,140,https://doi.org/10.1002/joom.1207,"Abstract This study investigates the impact of the Chinese government's Level I emergency response policy on manufacturers' stock market values. We empirically examine the roles of human resource dependence (labor intensity) and operational slack within the context of supply chain resilience. Through an event study of 1357 Chinese manufacturing companies, we find that the government's emergency response policy triggered statistically significant positive abnormal returns for manufacturers. However, we also find that there exists a negative impact on abnormal returns for manufacturers that are labor‐intensive, giving rise to arguments based in resource dependence theory. In addition, the results indicate the positive role played by operational slack (e.g., financial and inventory slack) in helping manufacturers maintain operations and business continuity, effectively mitigating risks and adding to the manufacturers' resilience. With these findings, we contribute to operations and supply chain management by calling attention to the importance of human resource redundancy while at the same time identifying financial slack and inventory as supply chain resilience strategies that were able to mitigate pandemic‐related risks.",False,ai_exposure,,,,,,,
Leveraging AI for democratic discourse: Chat interventions can improve online political conversations at scale,2023,Lisa P. Argyle; Christopher A. Bail; Ethan C. Busby; Joshua R. Gubler; Thomas Noble Howe; Christopher Rytting,Proceedings of the National Academy of Sciences,128,https://doi.org/10.1073/pnas.2311627120,"Political discourse is the soul of democracy, but misunderstanding and conflict can fester in divisive conversations. The widespread shift to online discourse exacerbates many of these problems and corrodes the capacity of diverse societies to cooperate in solving social problems. Scholars and civil society groups promote interventions that make conversations less divisive or more productive, but scaling these efforts to online discourse is challenging. We conduct a large-scale experiment that demonstrates how online conversations about divisive topics can be improved with AI tools. Specifically, we employ a large language model to make real-time, evidence-based recommendations intended to improve participants' perception of feeling understood. These interventions improve reported conversation quality, promote democratic reciprocity, and improve the tone, without systematically changing the content of the conversation or moving people's policy attitudes.",False,ai_exposure,,,,,,,
Hallucination‐Free? Assessing the Reliability of Leading <scp>AI</scp> Legal Research Tools,2025,Varun Magesh; Faiz Surani; Matthew Dahl; Mirac Suzgun; Christopher D. Manning; Daniel E. Ho,Journal of Empirical Legal Studies,111,https://doi.org/10.1111/jels.12413,"ABSTRACT Legal practice has witnessed a sharp rise in products incorporating artificial intelligence (AI). Such tools are designed to assist with a wide range of core legal tasks, from search and summarization of caselaw to document drafting. However, the large language models used in these tools are prone to “hallucinate,” or make up false information, making their use risky in high‐stakes domains. Recently, certain legal research providers have touted methods such as retrieval‐augmented generation (RAG) as “eliminating” or “avoid[ing]” hallucinations, or guaranteeing “hallucination‐free” legal citations. Because of the closed nature of these systems, systematically assessing these claims is challenging. In this article, we design and report on the first preregistered empirical evaluation of AI‐driven legal research tools. We demonstrate that the providers' claims are overstated. While hallucinations are reduced relative to general‐purpose chatbots (GPT‐4), we find that the AI research tools made by LexisNexis (Lexis+ AI) and Thomson Reuters (Westlaw AI‐Assisted Research and Ask Practical Law AI) each hallucinate between 17% and 33% of the time. We also document substantial differences between systems in responsiveness and accuracy. Our article makes four key contributions. It is the first to assess and report the performance of RAG‐based proprietary legal AI tools. Second, it introduces a comprehensive, preregistered dataset for identifying and understanding vulnerabilities in these systems. Third, it proposes a clear typology for differentiating between hallucinations and accurate legal responses. Last, it provides evidence to inform the responsibilities of legal professionals in supervising and verifying AI outputs, which remains a central open question for the responsible integration of AI into law.",False,ai_exposure,,,,,,,
Forging the Future: Strategic Approaches to Quantum AI Integration for Industry Transformation,2024,Meng-Leong How; Sin-Mei Cheah,AI,90,https://doi.org/10.3390/ai5010015,"The fusion of quantum computing and artificial intelligence (AI) heralds a transformative era for Industry 4.0, offering unprecedented capabilities and challenges. This paper delves into the intricacies of quantum AI, its potential impact on Industry 4.0, and the necessary change management and innovation strategies for seamless integration. Drawing from theoretical insights and real-world case studies, we explore the current landscape of quantum AI, its foreseeable influence, and the implications for organizational strategy. We further expound on traditional change management tactics, emphasizing the importance of continuous learning, ecosystem collaborations, and proactive approaches. By examining successful and failed quantum AI implementations, lessons are derived to guide future endeavors. Conclusively, the paper underscores the imperative of being proactive in embracing quantum AI innovations, advocating for strategic foresight, interdisciplinary collaboration, and robust risk management. Through a comprehensive exploration, this paper aims to equip stakeholders with the knowledge and strategies to navigate the complexities of quantum AI in Industry 4.0, emphasizing its transformative potential and the necessity for preparedness and adaptability.",False,ai_exposure,,,,,,,
The impact of Artificial Intelligence on the labour market,2021,Marguerita Lane; Anne de Saint Martin,OECD social employment and migration working papers,90,https://doi.org/10.1787/7c895724-en,Papers describe preliminary results or research in progress by the author(s) and are published to stimulate discussion on a,False,ai_patents_value,,,,,,,
Forecasting in financial accounting with artificial intelligence – A systematic literature review and future research agenda,2023,Marko Kureljusic; Erik Karger,Journal of Applied Accounting Research,88,https://doi.org/10.1108/jaar-06-2022-0146,"Purpose Accounting information systems are mainly rule-based, and data are usually available and well-structured. However, many accounting systems are yet to catch up with current technological developments. Thus, artificial intelligence (AI) in financial accounting is often applied only in pilot projects. Using AI-based forecasts in accounting enables proactive management and detailed analysis. However, thus far, there is little knowledge about which prediction models have already been evaluated for accounting problems. Given this lack of research, our study aims to summarize existing findings on how AI is used for forecasting purposes in financial accounting. Therefore, the authors aim to provide a comprehensive overview and agenda for future researchers to gain more generalizable knowledge. Design/methodology/approach The authors identify existing research on AI-based forecasting in financial accounting by conducting a systematic literature review. For this purpose, the authors used Scopus and Web of Science as scientific databases. The data collection resulted in a final sample size of 47 studies. These studies were analyzed regarding their forecasting purpose, sample size, period and applied machine learning algorithms. Findings The authors identified three application areas and presented details regarding the accuracy and AI methods used. Our findings show that sociotechnical and generalizable knowledge is still missing. Therefore, the authors also develop an open research agenda that future researchers can address to enable the more frequent and efficient use of AI-based forecasts in financial accounting. Research limitations/implications Owing to the rapid development of AI algorithms, our results can only provide an overview of the current state of research. Therefore, it is likely that new AI algorithms will be applied, which have not yet been covered in existing research. However, interested researchers can use our findings and future research agenda to develop this field further. Practical implications Given the high relevance of AI in financial accounting, our results have several implications and potential benefits for practitioners. First, the authors provide an overview of AI algorithms used in different accounting use cases. Based on this overview, companies can evaluate the AI algorithms that are most suitable for their practical needs. Second, practitioners can use our results as a benchmark of what prediction accuracy is achievable and should strive for. Finally, our study identified several blind spots in the research, such as ensuring employee acceptance of machine learning algorithms in companies. However, companies should consider this to implement AI in financial accounting successfully. Originality/value To the best of our knowledge, no study has yet been conducted that provided a comprehensive overview of AI-based forecasting in financial accounting. Given the high potential of AI in accounting, the authors aimed to bridge this research gap. Moreover, our cross-application view provides general insights into the superiority of specific algorithms.",False,ai_disclosure_nlp,,,,,,,
Artificial Intelligence in Accounting and Finance: Challenges and Opportunities,2023,Ziwei Yi; Xinwei Cao; Zuyan Chen; Shuai Li,IEEE Access,82,https://doi.org/10.1109/access.2023.3333389,"The rapid expansion of artificial intelligence (AI) technologies presents novel technical solutions to traditional accounting and finance problems. Despite this, scholars in accounting and finance frequently encounter difficulties navigating the extensive and intricate domain knowledge of AI and its continuously evolving literature. To address this gap, this paper conducts a qualitative survey of the implementation of AI methods in accounting and finance. The paper is structured into four sections. Firstly, we examine the conventional accounting and finance issues and their requirement for AI techniques. Secondly, to inform accounting and finance researchers about the potential of AI, we present broad categories of AI applications. Thirdly, we explore recent research on AI solutions to conventional problems. Finally, we highlight emerging trends and possible research directions.",False,ai_disclosure_nlp,,,,,,,
Embracing Textual Data Analytics in Auditing with Deep Learning,2018,Ting Sun; Miklos A. Vasarhelyi,The International Journal of Digital Accounting Research,78,https://doi.org/10.4192/1577-8517-v18_3,"While the massive volume of text documents from multiple sources inside and outside of the company provides more information for auditors, the lack of efficient and effective technology solutions hampers the full use of text data. Powered by the emerging data analytics technology of deep learning, the value of the text can be better explored to deliver a higher quality of audit evidence and more relevant business insights. This research analyzes the usefulness of the information provided by various textual data in auditing and introduces deep learning, an evolving Artificial Intelligence approach. Furthermore, it provides a guide for auditors to implement deep learning techniques with predeveloped tools and open-source libraries.",False,ai_disclosure_nlp,,,,,,,
Artificial Intelligence in Asset Management,2020,Söhnke M. Bartram; Jürgen Branke; Mehrshad Motahari,SSRN Electronic Journal,71,https://doi.org/10.2139/ssrn.3692805,,False,ai_disclosure_nlp,,,,,,,
Automatic summarization of earnings releases: attributes and effects on investors’ judgments,2019,Eddy Cardinaels; Stephan Hollander; Brian J. White,Review of Accounting Studies,56,https://doi.org/10.1007/s11142-019-9488-0,,False,ai_disclosure_nlp,,,,,,,
Is the External Audit Report Useful for Bankruptcy Prediction? Evidence Using Artificial Intelligence,2019,Nora Muñoz‐Izquierdo; María‐del‐Mar Camacho‐Miñano; María Jesús Segovia Vargas; David Pascual‐Ezama,International Journal of Financial Studies,54,https://doi.org/10.3390/ijfs7020020,"Despite the number of studies on bankruptcy prediction using financial ratios, very little is known about how external audit information can contribute to anticipating financial distress. A handful of papers have shown that a combination of ratios and audit data is significant for predictive purposes, but only one recent paper provided a predictive accuracy of 80% solely by using the disclosures contained in audit reports. This study was complemented by simplifying the analysis of audit reports for prediction purposes and the same predictive accuracy was achieved. By applying three artificial intelligence techniques (PART algorithm, random forest, and support vector machine), the predictive ability of more easily extracted information from the report was examined and a practical implication suggested for each user. Simply by (1) finding the audit opinion, (2) identifying if a matter section exists, and (3) the number of comments disclosed, any user may predict a bankruptcy situation with the same accuracy as if they had scrutinized the whole report. In addition, an extended literature review is included, on previous studies on the interaction between bankruptcy prediction and the external audit information.",False,ai_disclosure_nlp,,,,,,,
VolTAGE: Volatility Forecasting via Text Audio Fusion with Graph Convolution Networks for Earnings Calls,2020,Ramit Sawhney; Piyush Khanna; Arshiya Aggarwal; Taru Jain; Puneet Mathur; Rajiv Ratn Shah,,35,https://doi.org/10.18653/v1/2020.emnlp-main.643,"Natural language processing has recently made stock movement forecasting and volatility forecasting advances, leading to improved financial forecasting. Transcripts of companies' earnings calls are well studied for risk modeling, offering unique investment insight into stock performance. However, vocal cues in the speech of company executives present an underexplored rich source of natural language data for estimating financial risk. Additionally, most existing approaches ignore the correlations between stocks. Building on existing work, we introduce a neural model for stock volatility prediction that accounts for stock interdependence via graph convolutions while fusing verbal, vocal, and financial features in a semi-supervised multi-task risk forecasting formulation. Our proposed model, VolTAGE, outperforms existing methods demonstrating the effectiveness of multimodal learning for volatility prediction.",False,ai_disclosure_nlp,,,,,,,
"Generative AI in Marketing: Promises, Perils, and Public Policy Implications",2024,V. Kumar; Philip Kotler; Shaphali Gupta; Bharath Rajan,Journal of Public Policy & Marketing,33,https://doi.org/10.1177/07439156241286499,"By evaluating the pattern of generative AI (GAI) use by businesses in marketing, this study aims to understand the subsequent impact on society and develop policy implications that promote its beneficial use. To this end, the authors develop an organizing framework that contends that the usage of GAI models by businesses for marketing purposes creates promises and perils for society through a specific business process. This business process is represented by the action → capabilities → transformation → impact link in the proposed framework. Additionally, the authors find that the level of technology infrastructure, skilled personnel, and data access moderates the influence of GAI on businesses’ ability to develop technology-driven capabilities. Furthermore, adaptive leadership and management strategies moderate the impact of these capabilities on technology-enabled business transformations. This research is the first study to critically evaluate the use of GAI in marketing from a public policy perspective. The study concludes with an agenda for future research.",False,ai_exposure,,,,,,,
Textual Analysis and Sentiment Analysis in Accounting,2021,Juan Luis Gandía Cabedo; David Huguet,Revista de Contabilidad,28,https://doi.org/10.6018/rcsar.386541,"A pesar del relativamente escaso uso de técnicas de análisis textual y de análisis del sentimiento en finanzas y contabilidad, éstas tienen un gran potencial en contabilidad, tanto por el elevado volumen de documentos utilizados para la comunicación de información financiera como por el crecimiento en el uso de herramientas digitales y medios de comunicación social. En este sentido, estas técnicas de análisis pueden ayudar a los investigadores a analizar pistas ocultas o buscar información adicional a la observada a través de los estados financieros, incrementando la cantidad y calidad de la información tradicionalmente utilizada, y proporcionando una nueva perspectiva de análisis. Por ello, el objetivo de este estudio es realizar una revisión del uso del análisis textual y del análisis del sentimiento en contabilidad. Tras presentar los conceptos de análisis textual y análisis del sentimiento y justificar teóricamente su papel en la investigación en contabilidad, llevamos a cabo una revisión de la literatura previa en el uso de estas técnicas en finanzas y contabilidad y describimos las principales técnicas de análisis del sentimiento, así como el procedimiento a seguir para el uso de esta metodología. Finalmente, sugerimos tres líneas de investigación futura que pueden beneficiarse del uso del análisis textual y del análisis del sentimiento. In spite of the relatively scarce use of textual analysis and sentiment analysis techniques in finance and accounting, they have great potential in accounting, both because of the volume of documents used for the communication of information and due to the growth in the use of digital tools and social media. In that regard, these techniques of analysis may help researchers to analyse hidden clues or look for additional information to that one observed through financial information, increasing the quantity and quality of the information traditionally used, and providing a new perspective of analysis. The aim of this study is to review the use of textual analysis and sentiment analysis in accounting. After presenting the concepts of textual analysis and sentiment analysis and expose their interest in accounting, we perform a review of the previous literature on the use of these techniques in finance and accounting and describe the main techniques of sentiment analysis, as well as the procedure to be followed for the use of this methodology. Finally, we suggest three lines of future research that may benefit from the use of textual and sentiment analysis.",False,ai_disclosure_nlp,,,,,,,
"A Critical Analysis of Generative AI: Challenges, Opportunities, and Future Research Directions",2025,Mueen Uddin; Shams Ul Arfeen; Fuhid Alanazi; Saddam Hussain; Tehseen Mazhar; Md. Arafatur Rahman,Archives of Computational Methods in Engineering,18,https://doi.org/10.1007/s11831-025-10355-z,"Abstract Generative Artificial Intelligence (Gen-AI) is a new advancement that has revolutionized the concepts of Natural Language Processing (NLP) and Large Language Model (LLM). This change impacts various aspects of life, stimulating industry, education, and healthcare progression. This survey presents the potential applications of Gen-AI across various sectors, highlighting the risks and opportunities. Some of the most pressing challenges include ethical consideration, the rise of disinformation (including deepfakes), concerns over Intellectual Property (IP) rights, cybersecurity risks, bias and discrimination. The survey also covers the fundamental models of Gen-AI, such as Generative Adversarial Networks (GANs), Variational Autoencoders (VAEs), and transformers. These frameworks are extremely important in various sectors, including medical imaging, drug discovery, and personalized medicine, and offer valuable insights into the future of technological advancements in the scientific community. The study contributes substantially by exploring positive elements and addressing the challenges of adequately deploying Gen-AI models. Using these insights, we hope to provide a comprehensive knowledge of the potential challenges and complexities associated with the widespread implementation of artificial intelligence technologies.",False,ai_exposure,,,,,,,
Authoring Programming Exercises for Automated Assessment Assisted by Generative AI,2023,"Bauer, Yannik; Leal, José Paulo; Queirós, Ricardo",arXiv (Cornell University),15,https://doi.org/10.4230/oasics.icpec.2024.21,"Generative AI presents both challenges and opportunities for educators. This paper explores its potential for automating the creation of programming exercises designed for automated assessment. Traditionally, creating these exercises is a time-intensive and error-prone task that involves developing exercise statements, solutions, and test cases. This ongoing research analyzes the capabilities of the OpenAI GPT API to automatically create these components. An experiment using the OpenAI GPT API to automatically create 120 programming exercises produced interesting results, such as the difficulties encountered in generating valid JSON formats and creating matching test cases for solution code. Learning from this experiment, an enhanced feature was developed to assist teachers in creating programming exercises and was integrated into Agni, a virtual learning environment (VLE). Despite the challenges in generating entirely correct programming exercises, this approach shows potential for reducing the time required to create exercises, thus significantly aiding teachers. The evaluation of this approach, comparing the efficiency and usefulness of using the OpenAI GPT API or authoring the exercises oneself, is in progress.",False,ai_exposure,,,,,,,
An Empirical Investigation of Bias in the Multimodal Analysis of Financial Earnings Calls,2021,Ramit Sawhney; Arshiya Aggarwal; Rajiv Ratn Shah,,12,https://doi.org/10.18653/v1/2021.naacl-main.294,"Volatility prediction is complex due to the stock market's stochastic nature. Existing research focuses on the textual elements of financial disclosures like earnings calls transcripts to forecast stock volatility and risk, but ignores the rich acoustic features in the company executives' speech. Recently, new multimodal approaches that leverage the verbal and vocal cues of speakers in financial disclosures significantly outperform previous stateof-the-art approaches demonstrating the benefits of multimodality and speech. However, the financial realm is still plagued with a severe underrepresentation of various communities spanning diverse demographics, gender, and native speech. While multimodal models are better risk forecasters, it is imperative to also investigate the potential bias that these models may learn from the speech signals of company executives. In this work, we present the first study to discover the gender bias in multimodal volatility prediction due to gendersensitive audio features and fewer female executives in earnings calls of one of the world's biggest stock indexes, the S&P 500 index. We quantitatively analyze bias as error disparity and investigate the sources of this bias. Our results suggest that multimodal neural financial models accentuate gender-based stereotypes. 1",False,ai_disclosure_nlp,,,,,,,
